year,bechdel_result_id,movie_name
2014,0,'71
2014,1,3 Days to Kill
2014,1,300: Rise of an Empire
2014,3,A Long Way Down
2014,1,The Adventurer: The Curse of the Midas Box
2014,3,Alles Inklusive
2014,3,Barbie: The Pearl Princess
2014,3,Camp Takota
2014,1,Captain America: The Winter Soldier
2014,3,Cesar Chavez
2014,3,Dead Snow 2
2014,3,Fields of the Dead
2014,3,Flowers in the Attic
2014,1,God's Not Dead
2014,1,"I, Frankenstein"
2014,1,Jack Ryan: Shadow Recruit
2014,2,The Legend of Hercules
2014,3,The Lego Movie   [1 review(s) available]
2014,3,Lizzie Borden Took An Ax
2014,2,The Monuments Men
2014,1,Mr. Peabody and Sherman
2014,3,Noah
2014,3,Non-Stop
2014,3,Our RoboCop Remake
2014,2,The Pa Boys
2014,2,Paranormal Activity: The Marked Ones
2014,3,Pompeii
2014,0,Ride Along
2014,3,Rio 2
2014,2,Robocop
2014,3,That Awkward Moment
2014,3,Vampire Academy
2014,3,Veronica Mars
2014,3,Winter's Tale
2013,3,+1
2013,1,The 100-Year-Old Man Who Climbed Out the Window and Disappeared
2013,3,12 Years a Slave   [1 review(s) available]
2013,1,2 Guns
2013,3,20 Feet from Stardom
2013,1,21 & Over
2013,2,42
2013,2,47 Ronin
2013,0,A Field in England
2013,1,A Good Day to Die Hard
2013,3,A Haunting at Silver Falls
2013,3,A Talking Cat!?!
2013,3,About Time
2013,3,Admission
2013,1,After Earth
2013,3,Afternoon Delight
2013,0,All is Lost
2013,3,American Hustle
2013,3,Amiche da morire
2013,3,Anchorman 2: The Legend Continues
2013,3,And Now a Word from Our Sponsor
2013,3,August: Osage County
2013,3,Austenland
2013,3,Baggage Claim
2013,3,Beautiful Creatures
2013,3,Before Midnight
2013,1,Behind the Candelabra
2013,1,Beltracchi: The Art of Forgery
2013,3,Best Friends Forever
2013,3,The Big Wedding
2013,3,Birdemic 2: The Resurrection
2013,3,The Bling Ring
2013,3,Blue Is the Warmest Color   [2 review(s) available]
2013,3,Blue Jasmine
2013,3,The Book Thief
2013,3,Bounty Killer
2013,0,The Boy and the World
2013,3,The Call
2013,3,Camille Claudel 1915
2013,3,Captain Battle: Legacy War
2013,1,Captain Phillips
2013,3,Carrie
2013,3,Casse-tete chinois
2013,2,Clear History
2013,2,Closed Circuit
2013,0,Cloudy with a Chance of Meatballs 2
2013,1,The Colony
2013,1,Computer Chess
2013,3,Concussion
2013,3,The Congress
2013,3,The Conjuring   [1 review(s) available]
2013,3,The Counselor
2013,3,The Croods
2013,3,The Crown and the Dragon
2013,3,Crystal Fairy & the Magical Cactus and 2012
2013,0,Cutie and the Boxer
2013,3,Dallas Buyers Club   [1 review(s) available]
2013,2,Dark Skies
2013,3,The Day of the Doctor
2013,3,Dead Man Down
2013,3,Despicable Me 2
2013,3,Devil's Pass
2013,2,Disconnect
2013,3,Don Jon   [1 review(s) available]
2013,3,Dragon Ball Z: Battle of Gods
2013,1,Dragon Lore: Curse of the Shadow
2013,3,Drinking Buddies
2013,3,The East
2013,2,Ego
2013,3,Elysium
2013,2,Ender's Game
2013,3,Enough Said
2013,3,Epic
2013,3,Escape from Planet Earth
2013,2,Escape Plan
2013,3,Europa Report
2013,3,Evil Dead
2013,2,Exit Marrakech
2013,3,Fack ju Gohte
2013,3,Family Weekend
2013,2,The Family
2013,3,Faroeste caboclo
2013,3,Fast and Furious 6
2013,1,The Fifth Estate
2013,1,Filth
2013,1,Finsterworld
2013,3,For Elisa
2013,1,Freier Fall
2013,3,Frozen
2013,0,The Frozen Ground
2013,3,Fruitvale Station
2013,3,G.I. Joe: Retaliation
2013,3,Gam-si-ja-deul
2013,3,The Gamers: Hands of Fate
2013,1,Gangster Squad
2013,3,Girl Most Likely
2013,3,Gloria
2013,3,Go for Sisters
2013,3,Grace Unplugged
2013,0,Gravity
2013,3,The Great Gatsby
2013,2,Grown Ups 2
2013,2,The Hangover part 3
2013,3,Hannas Reise
2013,3,Hansel & Gretel
2013,3,Hansel & Gretel: Witch Hunters
2013,3,Hansel and Gretel Get Baked
2013,3,Haunter
2013,3,Haute Cuisine
2013,3,The Heat   [1 review(s) available]
2013,3,Hemlock Grove
2013,2,Her   [1 review(s) available]
2013,3,The Hit Girl
2013,1,The Hobbit: The Desolation of Smaug
2013,3,The Host
2013,3,The Hot Flashes
2013,3,How I Live Now
2013,3,The Hunger Games: Catching Fire
2013,3,I Give it a Year
2013,3,I Used to Be Darker
2013,2,I'm So Excited   [1 review(s) available]
2013,3,Ida
2013,2,Identity Thief
2013,3,In a World...
2013,1,The Incredible Burt Wonderstone
2013,1,Inside Llewyn Davis
2013,2,Insidious: Chapter 2
2013,3,Instructions Not Included
2013,1,The Internship
2013,3,Iron Man 3   [1 review(s) available]
2013,0,Jack the Giant Slayer
2013,3,Jeune & jolie
2013,2,Jurassic Attack
2013,3,Kick-Ass 2
2013,1,Killing Season
2013,3,Knights of Badassdom
2013,3,Kyss meg for faen i helvete
2013,2,L'amour est un crime parfait
2013,3,L'ecume des jours
2013,3,The Last Exorcism Part II
2013,3,The Last Keepers
2013,3,Last Passenger
2013,1,Last Vegas
2013,3,Le Passé
2013,3,Lee Daniels' The Butler
2013,1,"Les garcons et Guillaume, a table!"
2013,3,Les Reines du Ring (English: Wrestling Queens)
2013,3,The Lifeguard
2013,1,The Lone Ranger
2013,3,The Look of Love
2013,3,Lost In Living
2013,3,Love & Air Sex
2013,3,Lovelace
2013,3,The Lunchbox
2013,3,Machete Kills
2013,3,Madoka Magica: Rebellion Story
2013,3,Mama
2013,3,Man of Steel
2013,3,Man of Tai Chi
2013,1,Mandela: Long Walk to Freedom
2013,3,Mary and Martha
2013,3,Meine Schwestern
2013,1,Michael Kohlhaas
2013,3,Mobius
2013,1,Monsters University
2013,3,The Mortal Instruments: City of Bones
2013,3,Moving Mountains
2013,1,Mt. Zion
2013,1,Mud
2013,3,My Little Pony: Equestria Girls
2013,2,Nazotoki wa Dinner no Ato de (The After-Dinner Mysteries)
2013,3,Nebraska
2013,1,Night Train to Lisbon
2013,1,Now You See Me
2013,1,The Numbers Station
2013,3,Nymphomaniac: Volume 1
2013,3,Nymphomaniac: Volume 2
2013,3,O Tempo e o Vento
2013,2,Oblivion
2013,2,Oldboy
2013,1,Olympus Has Fallen
2013,3,Only God Forgives   [1 review(s) available]
2013,3,Only Lovers Left Alive
2013,3,Orphan Black
2013,1,Out of the Furnace
2013,3,Oz the Great and Powerful   [2 review(s) available]
2013,1,Pacific Rim
2013,1,Pain & Gain
2013,3,Pasadena
2013,3,Peeples
2013,3,Percy Jackson: Sea of Monsters
2013,2,Perfect Mothers
2013,3,Philomena   [1 review(s) available]
2013,1,The Physician
2013,1,Planes
2013,3,Pozitia copilului
2013,0,Prince Avalanche
2013,3,Prisoners
2013,3,Puella Magi Madoka Magica the Movie Part III: The Rebellion Story
2013,3,The Purge
2013,1,R.I.P.D.
2013,0,The Railway Man
2013,3,Red 2
2013,1,Riddick
2013,3,Riley Rewind
2013,1,Rush
2013,3,RWBY
2013,3,Safe Haven
2013,3,Saige Paints the Sky
2013,3,Saving Mr Banks
2013,3,Saving Mr. Banks
2013,3,The Secret Life of Walter Mitty
2013,3,Sharknado
2013,3,Short Term 12
2013,3,Side Effects
2013,3,The Sisters Plotz
2013,0,Skinwalker Ranch
2013,3,The Smurfs 2
2013,3,Snowpiercer
2013,1,Some Girl(s)
2013,3,"Soshite chichi ni naru (Like Father, Like Son)"
2013,1,Star Trek Into Darkness   [1 review(s) available]
2013,3,The Starving Games
2013,3,Stoker
2013,3,Summer League
2013,3,Sunshine on Leith
2013,3,Texas Chainsaw 3D
2013,2,Thanks for Sharing
2013,1,This Is the End
2013,3,Thor: The Dark World
2013,3,The To Do List   [1 review(s) available]
2013,0,Trance
2013,3,Turbo
2013,1,UMMAH - Unter Freunden
2013,3,V/H/S/2
2013,1,Vai que da Certo
2013,3,Vi ar bast!
2013,1,Viva la liberta
2013,3,Wadjda
2013,2,Warm Bodies
2013,3,The Way Way Back
2013,3,We Are What We Are
2013,3,We're the Millers
2013,1,Welcome to the Punch
2013,3,White Bear
2013,2,White House Down
2013,3,The Wine of Summer
2013,3,Witching and Bitching
2013,3,The Wolf of Wall Street
2013,3,The Wolverine
2013,3,World War Z
2013,2,The World's End
2013,0,Zipi y Zape y el club de la canica
2013,3,Zombie Hunter
2013,2,Zum Geburtstag
2012,3,2 Days in New York
2012,2,21 Jump Street
2012,3,A Late Quartet
2012,3,About Cherry
2012,3,Abraham Lincoln: Vampire Hunter
2012,0,Act of Valor
2012,3,Ahi va el diablo
2012,3,All I Want Is Everything
2012,2,The Amazing Spider-Man
2012,3,American Mary
2012,3,American Warships
2012,3,Amour
2012,1,The Angels' Share
2012,2,Anna Karenina
2012,3,Arachnoquake
2012,2,Arbitrage
2012,3,Argo
2012,3,Attack of the 50ft Cheerleader
2012,3,Augustine
2012,1,The Avengers   [1 review(s) available]
2012,3,Bachelorette
2012,3,Bad Parents
2012,2,Barfi!
2012,3,"Batman: The Dark Knight Returns, part 1"
2012,1,Battleship
2012,1,The Bay
2012,3,BearCity 2: The Proposal
2012,3,Beasts of the Southern Wild
2012,1,Berberian Sound Studio
2012,3,Best Man Down
2012,3,Beyond the Hills
2012,3,Big Miracle
2012,3,Bikini Spring Break
2012,3,Black Rock
2012,3,Bletchley Circle
2012,1,Blood Fare
2012,3,Blue Like Jazz
2012,3,The Body
2012,3,The Bourne Legacy
2012,3,Brave   [1 review(s) available]
2012,3,The Broken Circle Breakdown
2012,0,Bullet to the Head
2012,3,Byzantium
2012,3,Call Girl
2012,3,Call Me Kuchu
2012,1,The Campaign
2012,3,Celeste and Jesse Forever
2012,3,Cheesecake Casserole
2012,1,Chernobyl Diaries
2012,1,Chronicle
2012,3,Cigarette Ki Tarah
2012,3,Cloud Atlas
2012,2,Cockneys vs Zombies
2012,3,Cocktail
2012,3,Compliance
2012,3,Contraband
2012,1,Cosmopolis
2012,0,Croczilla
2012,1,The Dark Knight Rises
2012,3,Dark Shadows
2012,3,Das Leben ist nichts fur Feiglinge
2012,3,Das Wochenende
2012,0,Dead Man's Burden
2012,3,Decay
2012,3,Den skaldede frisor
2012,3,The Devil Inside
2012,1,The Dictator
2012,1,Django Unchained
2012,3,The Door
2012,3,Dredd 3D   [1 review(s) available]
2012,2,Eega
2012,3,Elementary
2012,3,End of Watch
2012,3,English Vinglish
2012,3,Entrance
2012,3,Evangelion: 3.0 You Can (Not) Redo
2012,3,Excision
2012,3,The Expendables 2
2012,1,Extracted
2012,3,The Factory
2012,3,Fast Girls
2012,3,Fin
2012,3,The Five-Year Engagement
2012,3,Flight
2012,3,"For a Good Time, Call..."
2012,3,Foreign Letters
2012,1,Four Assassins
2012,3,Frances Ha
2012,0,Frankenweenie
2012,3,Future Weather
2012,1,Gambit
2012,3,Game Change
2012,3,Gayby
2012,3,Ginger and Rosa
2012,3,Girl in Progress
2012,3,Gone
2012,3,Goodbye
2012,3,Grabbers
2012,0,The Grey
2012,3,The Guilt Trip
2012,3,Gyo
2012,3,Hannibal
2012,3,The Haunting of Whaley House
2012,2,Hemingway & Gellhorn
2012,3,Hit and Run
2012,2,Hitchcock
2012,0,The Hobbit: An Unexpected Journey
2012,1,Holy Motors
2012,3,Hope Springs   [2 review(s) available]
2012,3,Hotel Transylvania
2012,3,House at the End of the Street
2012,3,The Hunger Games   [1 review(s) available]
2012,2,Hyde Park on Hudson
2012,3,I Belong
2012,3,Ill Manors
2012,2,The Impossible
2012,3,In The Dark Half
2012,3,Inch'Allah
2012,1,Interview with a Hitman
2012,3,Iron Sky
2012,3,It's a Disaster
2012,3,Jack and Diane
2012,1,Jack Reacher
2012,2,Jagten
2012,3,Jayne Mansfield's Car
2012,3,John Carter
2012,1,John Dies at the End
2012,3,Kahaani
2012,1,Kapringen
2012,3,The Key and the Frame
2012,2,Killer Joe
2012,0,Killing Them Softly
2012,3,Kiss of the Damned
2012,3,Klip
2012,0,Kon-Tiki
2012,3,Lake Effects
2012,1,Lawless
2012,3,Le prenom
2012,3,Les Miserables
2012,1,Life of Pi
2012,3,Lincoln
2012,3,The Lizzie Bennet Diaries
2012,1,Looper   [2 review(s) available]
2012,1,The Lorax
2012,3,The Lords of Salem
2012,3,Lore
2012,3,The Lucky One
2012,2,Madagascar 3: Europe's Most Wanted
2012,3,Magic Mike   [2 review(s) available]
2012,3,The Magic of Belle Isle
2012,1,Man on a Ledge
2012,1,The Man with the Iron Fists
2012,1,The Master
2012,1,Men in Black III
2012,3,Mental
2012,3,Mirror Mirror
2012,3,Moonrise Kingdom
2012,3,Morgana
2012,3,Mosquita y Mari
2012,3,Much Ado About Nothing
2012,3,Not Fade Away
2012,3,The Odd Life of Timothy Green
2012,1,Oh Boy
2012,3,Okami kodomo no ame to yuki
2012,3,One for the Money
2012,3,The Pact
2012,1,Papadopoulos & Sons
2012,3,The Paperboy
2012,3,Paradies: Liebe
2012,3,Paranormal Activity 4
2012,1,ParaNorman
2012,3,Parental Guidance
2012,3,Paris-Manhattan
2012,3,Passion
2012,3,Paulette
2012,3,People Like Us
2012,1,The Perks of Being a Wallflower
2012,1,The Pirates! Band of Misfits
2012,3,Pitch Perfect
2012,1,The Place Beyond the Pines
2012,3,Populaire
2012,3,The Possession
2012,3,Premium Rush
2012,3,Price Check
2012,3,Prometheus   [1 review(s) available]
2012,3,Quartet
2012,3,Qwerty
2012,3,Radio Rebel
2012,1,The Raven
2012,1,Red Dawn
2012,2,Red Tails
2012,3,Renoir
2012,3,Resident Evil: Retribution
2012,3,Rise of the Animals
2012,1,Rise of the Guardians
2012,1,Robot & Frank
2012,1,Rock Jocks
2012,3,Ruby Sparks
2012,3,Ruroni Kenshin: Meiji kenkaku roman tan
2012,1,Safe
2012,3,Safety Not Guaranteed
2012,3,The Sapphires
2012,3,Sassy Pants
2012,3,Savages
2012,1,Seeking a Friend for the End of the World
2012,2,The Sessions
2012,1,Seven Psychopaths
2012,3,Shelter
2012,3,Sightseers
2012,3,Silent Hill: Revelation 3D
2012,3,Silver Linings Playbook
2012,2,Sinister
2012,3,The Skinny
2012,3,Skyfall
2012,2,Sleepwalk With Me
2012,3,Smashed
2012,3,Smiley
2012,1,Snackbar
2012,3,Snow Queen
2012,3,Snow White and the Huntsman
2012,3,Sparkle
2012,3,Spring Breakers
2012,3,Starlet
2012,3,Stars Above
2012,3,Steel Magnolias
2012,3,Step Up Revolution
2012,3,Strike Witches - The Movie
2012,3,Struck by Lightning
2012,2,Superman vs. The Elite
2012,2,Supporting Characters
2012,3,Tabu
2012,2,Taken 2
2012,3,The Tall Man
2012,0,Tango libre
2012,0,Tears of Steel
2012,2,Ted
2012,3,Think Like a Man
2012,3,This Is 40
2012,2,This Means War
2012,0,Tim and Eric's Billion Dollar Movie
2012,3,Tinkerbell and the Secret of the Wings
2012,2,To Rome With Love
2012,3,To the Wonder
2012,1,Total Recall
2012,3,The Twilight Saga: Breaking Dawn - Part 2
2012,3,Underworld: Awakening
2012,1,V/H/S
2012,3,The Vow
2012,3,Wanderlust
2012,0,Warpaint
2012,2,The Watch
2012,3,What Maisie Knew
2012,1,The Woman in Black
2012,3,Women's Day (Dzien kobiet)
2012,3,Won't Back Down
2012,1,The Words
2012,1,Wrath of the Titans
2012,3,Wreck-It Ralph
2012,3,Zero Dark Thirty   [1 review(s) available]
2012,3,[REC]3 Genesis
2011,3,11 Flowers
2011,3,17 Miracles
2011,1,30 Minutes or Less
2011,2,50/50
2011,3,A Dangerous Method
2011,3,A Little Bit of Heaven
2011,3,A Lonely Place to Die
2011,3,A Separation
2011,3,A Simple Life
2011,1,A Very Harold & Kumar 3D Christmas   [1 review(s) available]
2011,3,Absentia
2011,3,The Adjustment Bureau
2011,1,The Adventures of Tintin
2011,0,Age of the Dragons
2011,3,Albatross
2011,3,Albert Nobbs
2011,3,Alien Armageddon
2011,3,Aliens vs. Avatars
2011,1,All Superheroes Must Die
2011,3,Alvin and the Chipmunks: Chipwrecked
2011,3,Alyce Kills
2011,3,Amber Lake
2011,2,And if we all live together
2011,3,Another Earth
2011,3,Apart
2011,3,Apartment 143
2011,0,Apollo 18
2011,2,Arthur
2011,1,Arthur Christmas
2011,1,The Artist
2011,3,Atlas Shrugged: Part I
2011,3,Attack the Block
2011,3,Au cul du loup
2011,3,The Awakening
2011,3,Bad Teacher
2011,3,Batman: Year One
2011,1,Battle: Los Angeles
2011,3,The Best Exotic Marigold Hotel
2011,2,The Big Year
2011,0,Black Gold
2011,1,Blackthorn
2011,3,Bridesmaids   [3 review(s) available]
2011,3,Butter
2011,3,The Cabin in the Woods   [1 review(s) available]
2011,3,Cafe de Flore
2011,3,The Caller
2011,1,Captain America: The First Avenger
2011,1,The Captains
2011,3,Carnage
2011,2,Cars 2
2011,1,Cedar Rapids
2011,3,Circumstance
2011,3,Cloudburst
2011,3,Codependent Lesbian Space Alien Seeks Same
2011,3,Combat Girls
2011,3,Conan the Barbarian
2011,3,Contagion
2011,2,Coriolanus
2011,3,Coup d'éclat
2011,3,Courageous
2011,1,Cowboys & Aliens
2011,3,The Craiglist Killer
2011,2,"Crazy, Stupid, Love."
2011,3,Cyberbully
2011,3,Damsels in Distress
2011,3,The Darkest Hour
2011,1,The Dead Inside
2011,3,The Decoy Bride
2011,3,The Deep Blue Sea
2011,3,The Descendants
2011,3,Detention
2011,3,Deus Ex Human Revolution
2011,3,The Divide
2011,2,Dolphin Tale
2011,1,Donovan's Echo
2011,3,Dream House
2011,3,Drive
2011,0,The Eagle
2011,3,Eva
2011,3,Exit Humanity
2011,2,Extremely Loud & Incredibly Close
2011,3,Faces in the Crowd
2011,3,Fast Five
2011,2,Final Destination 5
2011,3,Flypaper
2011,3,Footloose
2011,2,Footnote
2011,3,The Forgiveness of Blood
2011,3,French Immersion
2011,3,Friends with Benefits   [1 review(s) available]
2011,3,Friends with Kids
2011,3,Fright Night
2011,3,From Prada to Nada
2011,3,From Up on Poppy Hill
2011,3,The Future   [1 review(s) available]
2011,1,The Girl with the Dragon Tattoo   [1 review(s) available]
2011,3,Gnomeo & Juliet
2011,3,The Good Doctor
2011,1,The Green Hornet   [1 review(s) available]
2011,1,Green Lantern   [1 review(s) available]
2011,1,The Guard
2011,1,The Hangover Part 2
2011,3,Hanna   [2 review(s) available]
2011,0,Hara-Kiri: Death of a Samurai
2011,3,Harry Potter and the Deathly Hallows: Part 2
2011,1,Hasta la Vista
2011,0,Haywire
2011,3,Hell
2011,3,The Help
2011,3,Hick
2011,3,Higher Ground
2011,3,Himizu
2011,0,Hobo with a Shotgun
2011,2,Hop
2011,3,Horrible Bosses
2011,3,Hugo
2011,1,The Human Centipede II (Full Sequence)
2011,3,Hysteria   [1 review(s) available]
2011,1,Ides Of March
2011,2,Immortals
2011,1,In Time
2011,1,The Inbetweeners Movie
2011,3,The Innkeepers
2011,3,Inventory
2011,3,The Iron Lady   [1 review(s) available]
2011,3,Jack and Jill
2011,1,Jackpot (Arme Riddere)
2011,3,Jamie and Jessie Are Not Together   [1 review(s) available]
2011,3,Jane Eyre
2011,3,"Jeff, Who Lives at Home"
2011,3,Jin ling shi san chai
2011,0,Jiro Dreams of Sushi
2011,3,Joe and Belle
2011,3,Johnny English Reborn
2011,1,Juan of the Dead
2011,3,Kill List
2011,0,Killer Elite
2011,3,Kung Fu Panda 2
2011,3,L'amour dure trois ans
2011,3,L'art d'aimer
2011,3,La Leyenda de la Llorona
2011,3,Last Call at the Oasis
2011,3,Le Skylab
2011,3,The Lie
2011,3,Life Without Principle
2011,3,Like Crazy
2011,1,Limitless
2011,1,The Lincoln Lawyer
2011,3,The Little Engine That Could
2011,2,Lloyd the Conqueror
2011,0,The Loneliest Planet
2011,3,Lovely Molly
2011,1,Margin Call
2011,3,Mars Needs Moms
2011,3,Martha Marcy May Marlene
2011,3,Masks
2011,3,Mean Girls 2
2011,3,Melancholia
2011,3,Midnight in Paris
2011,1,Mission: Impossible - Ghost Protocol
2011,3,Mitsuko Delivers
2011,1,Moneyball
2011,3,Monte Carlo
2011,1,Moon Point
2011,3,The Moth Diaries
2011,1,Mr. Popper's Penguins
2011,1,The Muppets
2011,3,My Piece of the Pie
2011,3,My Week with Marilyn
2011,1,Nicostratos le pelican
2011,3,No Strings Attached   [1 review(s) available]
2011,3,October Baby
2011,1,Once upon a time in Anatolia
2011,3,Our Idiot Brother
2011,1,Page One: Inside the New York Times
2011,3,Parada
2011,3,Pariah
2011,3,Paul
2011,3,"Peace, Love, & Misunderstanding"
2011,3,The Perfect Family
2011,3,Perfect Sense
2011,0,Phase 7
2011,1,Pirates of the Caribbean: On Stranger Tides
2011,1,Priest
2011,3,The Princess and the Pony
2011,3,Quarantine 2: Terminal
2011,0,The Raid: Redemption
2011,1,Rango
2011,1,Real Steel
2011,3,Red Riding Hood
2011,3,Red State
2011,3,Restless
2011,3,Rid of Me
2011,1,Rio
2011,1,Rise of the Planet of the Apes   [2 review(s) available]
2011,3,The Rite
2011,3,The Roommate
2011,2,Rundskop
2011,1,S.W.A.T.: Firefight
2011,2,Salmon Fishing in the Yemen
2011,0,Samsara
2011,3,Scream 4
2011,1,Shame
2011,3,She Monkeys
2011,1,Sherlock Holmes: A Game of Shadows
2011,3,The Shunning
2011,2,Singham
2011,3,The Sitter
2011,3,The Skin I Live In
2011,3,Sleeping Beauty
2011,1,Sleeping Sickness (Schlafkrankheit)
2011,3,The Smurfs
2011,3,Snow Flower and the Secret Fan
2011,3,Soul Surfer
2011,3,Soul Surfer 2
2011,3,Sound of My Voice
2011,1,Source Code
2011,3,The Source
2011,3,Straw Dogs
2011,3,Sucker Punch   [7 review(s) available]
2011,0,The Sunset Limited
2011,3,Super 8
2011,3,Take Shelter
2011,3,Take This Waltz
2011,3,Teen Spirit
2011,3,Thespians
2011,3,The Thing
2011,3,Thor   [2 review(s) available]
2011,2,The Three Musketeers
2011,1,Tinker Tailor Soldier Spy
2011,3,Tomboy
2011,1,Too Big to Fail
2011,1,Tower Heist
2011,3,Transformers: Dark of the Moon
2011,0,The Tree of Life
2011,3,The Twilight Saga: Breaking Dawn - Part 1
2011,3,Union Squre
2011,1,Untouchable
2011,3,Violet & Daisy
2011,3,Wake Wood
2011,1,War Horse
2011,1,Warrior
2011,1,Water for Elephants
2011,2,We Bought a Zoo
2011,1,We Have a Pope
2011,3,We Need to Talk About Kevin
2011,1,Weekend
2011,3,What's Your Number
2011,1,When Pigs Have Wings
2011,3,Where Do We Go Now?
2011,3,Win Win
2011,0,Winnie the Pooh
2011,3,The Woman
2011,3,X-Men: First Class
2011,3,You Instead
2011,3,You're Next
2011,3,Young Adult
2010,3,'Tamara Drewe'
2010,3,127 Hours
2010,1,13 Assassins
2010,3,16 Wishes
2010,3,A Bag of Hammers
2010,3,A Little Help
2010,3,A Marine Story
2010,0,The A-Team
2010,3,Alice in Wonderland
2010,3,All About Evil
2010,1,The American
2010,1,Animal Kingdom
2010,3,Arrietty
2010,3,The Back-up Plan
2010,0,Bal
2010,3,Bandage
2010,3,Barbie in a Mermaid Tale
2010,3,Barney's Version
2010,1,Batman: Under the Red Hood
2010,0,BearCity
2010,3,Bedevilled
2010,1,Beginners
2010,1,Biutiful
2010,3,Black Swan   [1 review(s) available]
2010,2,Blue Valentine   [1 review(s) available]
2010,3,Book of Eli
2010,1,Boy
2010,3,Boy Wonder
2010,3,Bratz: Pampered Petz
2010,3,Break Ke Baad
2010,3,Browncoats: Redemption
2010,1,Buried
2010,3,Burlesque
2010,3,Cairo 678
2010,3,Camp Rock 2: The Final Jam
2010,1,Casino Jack
2010,0,Catfish
2010,2,Cemetery Junction
2010,1,Centurion
2010,2,Ceremony
2010,3,Certified Copy
2010,1,Charlie St. Cloud
2010,3,The Chronicles of Narnia: The Voyage of the Dawn Treader
2010,3,Clash of the Titans
2010,2,The Client List
2010,3,The Clinic
2010,3,Confessions (Kokuhaku)
2010,3,The Conspirator
2010,3,Conviction
2010,1,Cop Out
2010,3,Country Strong
2010,3,The Crazies
2010,1,Cyrus
2010,3,Date Night
2010,3,Daydream Nation
2010,0,Dear John
2010,3,The Debt
2010,1,Denizen
2010,3,Despicable Me   [1 review(s) available]
2010,3,Detective Dee and the Mystery of the Phantom Flame
2010,3,Devil
2010,3,Diary of a Wimpy Kid
2010,1,Dinner for Schmucks
2010,2,The Disciple
2010,3,Don't Be Afraid of the Dark
2010,3,Easy A   [1 review(s) available]
2010,3,Eat Me!
2010,3,"Eat, Pray, Love   [1 review(s) available]"
2010,1,Edge of Darkness
2010,3,Elektra Luxx
2010,3,Elena Undone
2010,1,Everything Must Go
2010,0,Exit Through the Gift Shop
2010,0,The Experiment
2010,0,Faster
2010,3,Feeding Frenzy
2010,2,The Fighter
2010,3,First Night
2010,3,For 80 Days
2010,1,Four Lions
2010,1,Frozen
2010,1,Get Him To The Greek   [2 review(s) available]
2010,2,The Ghost Writer
2010,3,Going the Distance
2010,3,The Good Witch's Gift
2010,0,Green Zone
2010,1,Greenberg
2010,3,Grown Ups   [1 review(s) available]
2010,2,Gunless
2010,1,Happythankyoumoreplease
2010,3,Harry Potter and the Deathly Hallows: Part 1
2010,2,Heartbeats
2010,0,The Heavy
2010,3,The Hollywood Complex
2010,1,Hot Tub Time Machine   [1 review(s) available]
2010,3,The Housemaid
2010,3,How to Train Your Dragon   [2 review(s) available]
2010,1,The Hunter
2010,3,Hypothermia
2010,1,I Saw the Devil
2010,0,The Illusionist
2010,3,Inception   [1 review(s) available]
2010,3,Insidious
2010,3,Into Our Own Hands
2010,1,Ip Man 2
2010,3,Iron Man 2   [3 review(s) available]
2010,1,It's Kind of a Funny Story
2010,1,Jack and the Beanstalk
2010,3,Jucy
2010,3,Just Wright
2010,1,Justice League: Crisis on Two Earths
2010,3,Kaboom
2010,3,The Karate Kid
2010,1,Kick-Ass   [7 review(s) available]
2010,3,The Kids Are All Right   [2 review(s) available]
2010,3,The Killing Jar
2010,3,The King's Speech
2010,2,Knight and Day   [1 review(s) available]
2010,1,The Last Airbender
2010,3,The Last Exorcism
2010,3,Legion
2010,3,Les emotifs anonymes
2010,1,Let Me In
2010,3,Letters to Juliet
2010,3,Los ojos de Julia (Julia's Eyes)
2010,1,The Losers
2010,3,The Lottery
2010,2,Love and Other Drugs
2010,3,Love Like Poison
2010,1,MacGruber
2010,3,Machete   [1 review(s) available]
2010,3,Made In Dagenham
2010,0,Majorite opprimee
2010,2,Meek's Cutoff
2010,0,Megamind
2010,1,Monga
2010,0,Monsters
2010,3,My Babysitter's a Vampire
2010,3,Nanny McPhee and the Big Bang
2010,3,Never Let Me Go
2010,3,The Next Three Days
2010,0,Of god and men (Des hommes et des dieux)
2010,3,On Tour
2010,3,Oranges and Sunshine
2010,0,The Other Guys   [1 review(s) available]
2010,3,Our Family Wedding   [1 review(s) available]
2010,3,Paranormal Activity 2
2010,1,Peacock
2010,3,Percy Jackson & the Olympians: The Lightning Thief
2010,3,Pink Saris
2010,3,Please Give
2010,3,Poetry
2010,0,Predators
2010,1,Predicament
2010,0,Prince of Persia: The Sands of Time   [2 review(s) available]
2010,3,Rabbit Hole
2010,0,Rare Exports
2010,2,Red
2010,3,Red: Werewolf Hunter
2010,3,Remember Me
2010,3,Repo Men
2010,3,Resident Evil: Afterlife
2010,0,Restrepo
2010,3,Robin Hood   [1 review(s) available]
2010,3,The Romantics
2010,3,Room in Rome
2010,3,Rubber
2010,3,The Runaways   [1 review(s) available]
2010,3,Salt   [2 review(s) available]
2010,2,Score: A Hockey Musical
2010,3,Scott Pilgrim vs. the World   [2 review(s) available]
2010,3,Secretariat
2010,3,Sex and the city 2   [3 review(s) available]
2010,3,Shelter
2010,1,Shrek Forever After
2010,3,The Shrine
2010,3,Skeletons
2010,3,Skyline
2010,3,Small Town Murder Songs
2010,1,The Social Network   [3 review(s) available]
2010,3,Somewhere
2010,1,The Sorcerer's Apprentice
2010,3,Space Dogs
2010,3,Spiderhole
2010,3,The Spy Next Door
2010,1,Stake Land
2010,3,Standing Ovation
2010,3,Stonehenge Apocalypse
2010,3,Superman/Batman: Apocalypse
2010,1,Surely Someday
2010,2,The Switch
2010,1,Takers
2010,3,Tangled   [5 review(s) available]
2010,2,Tekken
2010,3,The Tempest
2010,3,Temple Grandin
2010,3,Time Traveller (Toki o Kakeru Shojo)
2010,3,Tiny Furniture   [1 review(s) available]
2010,3,Titanic II
2010,3,"Tomorrow, When the War Began"
2010,0,The Tourist
2010,1,The Town
2010,3,Toy Story 3   [1 review(s) available]
2010,3,Transfer
2010,3,Trigger
2010,1,TrollHunter
2010,1,Tron Legacy
2010,3,True Grit
2010,3,Turbulent Skies
2010,3,The Twilight Saga: Eclipse   [3 review(s) available]
2010,3,Une vie de chat
2010,3,Unstoppable
2010,3,Valentine's Day   [1 review(s) available]
2010,2,Valkaama
2010,1,Vanishing on 7th Street
2010,3,Viva Riva!
2010,3,Wall Street: Money Never Sleeps
2010,3,The Ward
2010,0,The Way
2010,3,We are The Night (Wir sind die Nacht)
2010,3,Welcome to the Rileys
2010,3,West Is West
2010,3,When in Rome
2010,3,The Whistleblower
2010,1,Wild Target
2010,3,Winter's Bone
2010,1,The Wolfman
2010,3,Womb
2010,0,Wrecked
2010,3,YellowBrickRoad
2010,0,Yogi Bear
2010,3,You Again
2010,3,You Will Meet a Tall Dark Stranger
2009,1,"""Chess in Concert"""
2009,1,(500) Days of Summer
2009,3,17 Again
2009,1,2012
2009,0,9
2009,3,A Perfect Getaway
2009,1,A Prophet (Un Prophete)
2009,2,A Serious Man
2009,1,A Single Man
2009,3,According to Greta
2009,2,Adam
2009,2,Adventureland
2009,1,Agora
2009,1,Air Doll
2009,2,Ajami
2009,3,Albino Farm
2009,3,Alice
2009,3,All About Steve   [1 review(s) available]
2009,3,An Education
2009,0,Angels & Demons
2009,0,Antichrist
2009,3,The Assassin Next Door
2009,3,Astro Boy
2009,2,Avatar   [8 review(s) available]
2009,3,Away We Go
2009,3,The Bad Lieutenant: Port of Call - New Orleans
2009,3,Bitch Slap   [1 review(s) available]
2009,2,Black Dynamite
2009,3,Blood: The Last Vampire   [1 review(s) available]
2009,0,The Boat That Rocked
2009,3,The Box
2009,0,Brüno
2009,3,Bride Wars
2009,0,Brief Interviews With Hideous Men
2009,3,Bright Star
2009,3,Broken Embraces
2009,3,Brothers
2009,3,C Me Dance
2009,1,Capitalism: A Love Story
2009,3,Cargo
2009,3,Carriers
2009,3,Case 39
2009,2,Chloe
2009,3,The City of Your Final Destination
2009,1,Cloudy with a Chance of Meatballs
2009,3,Coco avant Chanel
2009,2,The Concert
2009,3,Confessions of a Shopaholic
2009,3,Coraline   [3 review(s) available]
2009,3,Cracks
2009,0,The Dancer and the Thief
2009,3,David's Birthday
2009,1,Daybreakers
2009,3,Dead Hooker in a Trunk
2009,3,Dead Like Me: Life After Death
2009,2,Dead Snow
2009,3,Deadline
2009,1,Defendor
2009,3,Desert Flower
2009,0,The Disappearance of Alice Creed
2009,1,District 9   [1 review(s) available]
2009,2,Do Comeco ao Fim
2009,2,Do Comeco ao Fim
2009,3,Dogtooth
2009,1,Dom zly
2009,3,Drag Me to Hell
2009,2,Duplicity
2009,0,Echelon Conspiracy
2009,3,El nino pez
2009,3,El traspatio (Backyard)
2009,1,Enter the Void
2009,3,Evangelion: 2.0 You Can (Not) Advance
2009,2,Everybody's Fine
2009,3,Exam
2009,2,Exit 117
2009,1,Eyes Wide Open
2009,1,Fantastic Mr. Fox
2009,1,Fast & Furious
2009,3,The Final Destination
2009,3,Finding Bliss
2009,1,Fired Up!
2009,3,Fish Tank
2009,3,The Fourth Kind
2009,2,Friday the 13th
2009,3,Futurama: Into the Wild Green Yonder
2009,1,G-Force
2009,1,G.I. Joe: The Rise of Cobra   [1 review(s) available]
2009,1,Get Low
2009,3,The Girl (Flickan)
2009,3,The Girl Who Kicked the Hornets' Nest
2009,3,The Girl with the Dragon Tattoo   [4 review(s) available]
2009,3,The Girlfriend Experience
2009,3,The Good Witch's Garden
2009,3,Grey Gardens
2009,3,Harry Potter and the Half-Blood Prince
2009,3,He's Just Not That Into You
2009,1,Headhunter
2009,0,The Horde
2009,3,The House of the Devil
2009,3,Hua Mulan
2009,3,The Human Centipede (First Sequence)
2009,0,I Come with the Rain
2009,1,I Love You Phillip Morris
2009,2,"I Love You, Man"
2009,1,Ice Age: Dawn of the Dinosaurs
2009,3,Il richiamo
2009,2,In the Electric Mist
2009,3,In the Loop
2009,3,Infestation
2009,1,The Informant!
2009,3,Inglourious Basterds   [3 review(s) available]
2009,2,The Invention of Lying
2009,3,It's Complicated
2009,3,Jaffa
2009,3,Jennifer's Body   [1 review(s) available]
2009,3,Julie & Julia   [1 review(s) available]
2009,0,Kaiji: The Ultimate Gambler
2009,1,Knowing
2009,3,The Last Station
2009,3,Last Train Home
2009,1,Law Abiding Citizen
2009,3,Le hérisson
2009,0,Lebanon
2009,3,Lesbian Vampire Killers
2009,1,The Limits of Control
2009,3,The Maid
2009,0,The Maiden Heist
2009,1,Map of the Sounds of Tokyo
2009,1,Mary and Max
2009,0,Mega Shark vs Giant Octopus
2009,0,The Men Who Stare at Goats
2009,3,Micmacs (Micmacs à tire-larigot)
2009,3,The Milk of Sorrow
2009,3,Monsters vs Aliens
2009,1,Moon
2009,3,Mother and Child
2009,1,Mr. Nobody
2009,3,Mutants
2009,3,My Last Five Girlfriends
2009,3,My Sister's Keeper
2009,3,Nasty Old People
2009,1,Natale a Beverly Hills
2009,3,New Moon
2009,2,Nine
2009,1,Ninja Assassin
2009,2,Not Since You
2009,3,Nothing Personal
2009,3,Nowhere Boy
2009,2,One Hot Summer
2009,3,Orphan
2009,1,Pandorum
2009,0,Perrier's Bounty
2009,3,Precious: Based on the Novel Push by Sapphire   [3 review(s) available]
2009,3,The Princess and the Frog   [2 review(s) available]
2009,3,Princess Protection Program
2009,3,The Private Lives of Pippa Lee
2009,3,Professor Layton and the Eternal Diva
2009,2,The Proposal
2009,1,Public Enemies
2009,3,Push
2009,3,Reservoir Hill
2009,1,The Road
2009,3,RoboGeisha
2009,1,The Secret in Their Eyes
2009,0,The Secret of Kells
2009,2,"She, a Chinese"
2009,1,Sherlock Holmes
2009,1,The Skeptic
2009,3,The Slammin' Salmon
2009,3,Splice
2009,3,Spring Breakdown
2009,3,Star Trek   [4 review(s) available]
2009,3,State of Play
2009,3,Storm
2009,1,Suck
2009,3,Summer Wars
2009,1,Survival of the Dead
2009,3,Surviving Evil
2009,0,The Taking of Pelham 123
2009,3,Technotise - Edit i ja
2009,2,Terminator Salvation
2009,1,Thick as Thieves
2009,3,Thirst (Bakjwi)
2009,3,The Time Traveler's Wife
2009,2,TiMER
2009,3,Tinker Bell and the Lost Treasure
2009,0,Tournament
2009,3,Transformers: Revenge of the Fallen
2009,1,Tsar
2009,2,The Ugly Truth
2009,3,The Unborn
2009,3,Uncertainty
2009,1,Underworld: Rise of the Lycans
2009,3,The Uninvited
2009,1,Up   [1 review(s) available]
2009,2,Up in the Air
2009,0,Valhalla Rising
2009,3,Vampire Girl versus Frankenstein Girl
2009,2,Watchmen   [1 review(s) available]
2009,3,Whatever Works
2009,3,Whip It   [2 review(s) available]
2009,3,Whiteout
2009,3,Wild About Harry
2009,1,The Wild Hunt
2009,3,X-Men Origins: Wolverine
2009,3,The Young Victoria
2009,1,Youth in Revolt
2009,3,Zombieland
2009,1,[Rec] 2
2008,3,21
2008,3,27 Dresses   [1 review(s) available]
2008,3,35 Shots of Rum
2008,2,Adulthood
2008,3,Ai no mukidashi
2008,3,The Alphabet Killer
2008,3,American Violet
2008,3,"Angus, Thongs and Perfect Snogging"
2008,2,Australia
2008,3,The Baader Meinhof Complex
2008,3,Baby Mama
2008,3,The Bank Job
2008,3,Barbie and the Diamond Castle
2008,1,Be Kind Rewind
2008,3,The Beaches of Agnes
2008,3,Bedtime Stories
2008,3,Bi the Way
2008,3,Birdemic
2008,3,Blindness
2008,3,Bolt
2008,3,The Brothers Bloom
2008,1,Burn After Reading
2008,3,Changeling   [2 review(s) available]
2008,1,Che: Part One
2008,1,Chi bi (Red Cliff)
2008,3,The Chronicles of Narnia: Prince Caspian
2008,1,CJ7 (Changjiang 7 hao)
2008,3,Coco Chanel
2008,3,The Curious Case of Benjamin Button
2008,0,Damn Bastard!
2008,1,Dance of the Dead
2008,3,The Dark Knight   [4 review(s) available]
2008,3,Day of the Dead
2008,3,The Day the Earth Stood Still
2008,1,Death Race
2008,3,Defiance
2008,3,"Definitely, Maybe"
2008,3,Diary of a Nymphomaniac   [1 review(s) available]
2008,3,Dim Sum Funeral
2008,3,Doomsday
2008,3,Doubt   [1 review(s) available]
2008,3,The Duchess
2008,1,Eagle Eye
2008,3,Easy Virtue
2008,3,The Eye
2008,0,Fanboys
2008,2,Fireproof
2008,0,Fly Me to the Moon
2008,1,The Forbidden Kingdom
2008,3,Forgetting Sarah Marshall   [1 review(s) available]
2008,3,Four Christmases
2008,2,Franklyn
2008,3,French Film
2008,1,Frost/Nixon
2008,3,Frozen River
2008,1,Futurama: Bender's Game
2008,2,Futurama: The Beast with a Billion Backs
2008,3,Gake no ue no Ponyo
2008,3,The Gamers: Dorkness Rising
2008,1,Get Smart
2008,3,Ghost in the Shell 2.0
2008,1,Ghost Town
2008,1,Gomorra
2008,1,Goodbye Solo
2008,2,Gran Torino
2008,3,Grizzly Park
2008,0,Hancock
2008,3,Happy-Go-Lucky   [1 review(s) available]
2008,1,Hellboy II: The Golden Army
2008,3,High School Musical 3: Senior Year
2008,3,The House Bunny
2008,1,The Hurt Locker
2008,1,I Sell the Dead
2008,3,I've Loved You So Long
2008,2,Igor
2008,3,Inkheart
2008,2,Iron Man   [2 review(s) available]
2008,3,Kataude mashin garu
2008,1,Killshot
2008,1,Kung Fu Panda
2008,1,Låt den rätte komma in (Let the Right One In)
2008,3,La belle personne
2008,3,The Lucky Ones
2008,3,Mad Money
2008,2,Made of Honor
2008,3,Mamma Mia!
2008,2,Management
2008,2,Marley & Me
2008,3,Martyrs
2008,3,Max Payne
2008,1,Mesrine: Killer Instinct
2008,3,Miao Miao
2008,1,Milk   [2 review(s) available]
2008,2,Miracle at St. Anna
2008,1,Mirrors
2008,3,Miss Pettigrew Lives for a Day
2008,3,My Only Sunshine
2008,3,Nick and Norah's Infinite Playlist
2008,3,Nim's Island
2008,3,The No. 1 Ladies' Detective Agency
2008,3,Okuribito (Departures)
2008,3,Older Than America
2008,0,Outpost
2008,3,Over Her Dead Body
2008,2,Overcome
2008,3,Passengers
2008,3,Phoebe in Wonderland
2008,2,Pineapple Express
2008,3,Pirates II: Stagnetti's Revenge
2008,0,Pontypool
2008,3,Possession
2008,3,Princess: A Modern Fairtyale
2008,3,Prom Night
2008,1,Quantum of Solace
2008,3,Quarantine
2008,3,Rachel Getting Married
2008,3,Rain
2008,3,Repo! The Genetic Opera
2008,3,Resident Evil: Degeneration
2008,3,Revolutionary Road
2008,3,Rough Aunties
2008,1,Sauna
2008,3,Seven Pounds
2008,0,Seventh Moon
2008,3,Sex and the City
2008,3,The Sisterhood of the Traveling Pants 2
2008,3,The Sky Crawlers
2008,1,Slumdog Millionaire   [3 review(s) available]
2008,3,Speed Racer
2008,2,The Spirit
2008,1,Stargate: Continuum
2008,3,Stargate: The Ark of Truth
2008,1,Step Brothers
2008,3,The Strangers
2008,3,Sunshine Cleaning
2008,1,Sut
2008,3,"Synecdoche, New York"
2008,3,Taken
2008,1,Three Kingdoms: Resurrection of the Dragon
2008,3,Tinker Bell   [3 review(s) available]
2008,0,Transporter 3
2008,3,Transsiberian
2008,0,Tropic Thunder
2008,3,Twilight   [4 review(s) available]
2008,1,Valkyrie
2008,3,Vantage Point   [1 review(s) available]
2008,3,Vicky Cristina Barcelona   [1 review(s) available]
2008,1,WALL-E   [5 review(s) available]
2008,0,Waltz with Bashir
2008,1,Wanted
2008,3,"Welcome Home, Roscoe Jenkins"
2008,3,Wendy and Lucy
2008,3,Were the World Mine
2008,1,What Doesn't Kill You
2008,3,What Happens In Vegas
2008,3,While She Was Out
2008,3,The Women   [5 review(s) available]
2008,1,The Wrestler
2008,1,Yes Man
2008,3,Zombie Strippers!
2007,3,1408
2007,3,2 Days in Paris
2007,3,28 Weeks Later
2007,2,30 Days of Night
2007,0,3:10 to Yuma
2007,3,"4 Months, 3 Weeks and 2 Days"
2007,1,5 Centimeters Per Second
2007,1,99 francs
2007,3,Across the Universe
2007,3,After Sex
2007,3,American Zombie
2007,3,Appleseed Saga: Ex Machina
2007,3,Arranged   [1 review(s) available]
2007,3,Atonement
2007,3,Auf der anderen Seite
2007,3,Ballet Shoes
2007,3,Barbie as the Island Princess
2007,0,Beaufort
2007,3,Because I Said So
2007,3,Becoming Jane
2007,2,Before the Devil Knows You're Dead
2007,3,Blades of Glory
2007,3,Bratz
2007,3,Bratz: Fashion Pixiez
2007,3,The Brave One
2007,1,Breach
2007,1,Breakfast with Scot
2007,3,Bring It On: In It to Win It
2007,3,Brooklyn Rules
2007,2,Caramel
2007,3,Chakde! India
2007,2,Charlie Bartlett
2007,1,The Condemned
2007,3,Dan in Real Life
2007,3,Dark Mirror
2007,3,Death at a Funeral
2007,3,Death Proof   [6 review(s) available]
2007,3,Diary of the Dead
2007,3,Disturbia
2007,2,The Diving Bell and the Butterfly
2007,3,Eastern Promises
2007,3,Ekusute (Exte: Hair Extensions)
2007,3,Elizabeth: The Golden Age
2007,3,"Ensemble, c'est tout"
2007,3,Evangelion: 1.0: You Are (Not) Alone
2007,3,Fantastic Four: Rise of the Silver Surfer
2007,3,Far North
2007,3,Fat Like Me
2007,0,Fermat's Room
2007,3,Flight of the Living Dead
2007,1,Fracture
2007,2,Futurama: Bender's Big Score
2007,3,The Golden Compass
2007,3,Gone
2007,3,Hairspray
2007,3,Halloween
2007,1,Hannibal Rising
2007,3,Harry Potter and the Order of the Phoenix
2007,0,Hitman
2007,3,Hostel: Part II
2007,1,Hot Fuzz
2007,3,How About You
2007,3,I Am Legend
2007,3,I Could Never Be Your Woman
2007,3,I Know Who Killed Me
2007,2,If I Had Known I Was a Genius
2007,3,Import/Export
2007,3,Imprint
2007,0,In the Arms of My Enemy
2007,3,Inside
2007,1,Into the Wild
2007,3,Irina Palm
2007,3,Itty Bitty Titty Committee
2007,3,The Jane Austen Book Club
2007,3,Juno   [1 review(s) available]
2007,1,King of California
2007,0,The Kite Runner
2007,3,Knocked Up   [1 review(s) available]
2007,3,La reine soleil
2007,1,La torre de Suso
2007,3,Lars and the real Girl
2007,3,The Life Before Her Eyes
2007,1,Live Free or Die Hard
2007,3,The Lookout
2007,3,The Man from London
2007,3,Margot at the Wedding
2007,1,Meet the Robinsons
2007,3,The Messengers
2007,2,Michael Clayton
2007,0,Mr. Magorium's Wonder Emporium
2007,2,Music and Lyrics
2007,3,Naissance des pieuvres
2007,3,The Nanny Diaries
2007,0,Negative Happy Chain Saw Edge
2007,3,Ninas Mal
2007,3,No Country for Old Men
2007,3,No Reservations
2007,3,Northanger Abbey
2007,1,Numb
2007,1,The Number 23
2007,1,Ocean's Thirteen
2007,3,The Orphanage
2007,3,Out at the Wedding
2007,2,P.S. I Love You
2007,3,P2
2007,3,Paranormal Activity
2007,3,Persepolis
2007,3,Pirates of the Caribbean: At World's End
2007,3,Planet Terror   [4 review(s) available]
2007,0,Ratatouille   [1 review(s) available]
2007,3,Resident Evil: Extinction   [1 review(s) available]
2007,1,Salvation
2007,3,The Savages
2007,3,Se upp för dårarna
2007,3,She's a Boy I Knew
2007,1,Shooter
2007,3,Shrek the Third   [1 review(s) available]
2007,3,Shrooms
2007,2,The Signal
2007,3,The Simpsons Movie
2007,3,Smiley Face
2007,3,St. Trinian's
2007,3,Stardust   [1 review(s) available]
2007,1,Sunshine
2007,1,Superbad
2007,1,Sweeney Todd: The Demon Barber of Fleet Street
2007,3,Sword of the Stranger
2007,3,Teeth
2007,3,Ten Inch Hero
2007,3,Then She Found Me
2007,0,There Will Be Blood
2007,0,Timecrimes
2007,1,TMNT
2007,3,Towelhead
2007,3,The Tracey Fragments
2007,1,Transformers
2007,3,Transmorphers
2007,3,Trick 'r Treat
2007,3,Tricks
2007,3,Tropa de Elite
2007,0,Vacancy
2007,3,Vexille
2007,3,The Visitor
2007,0,We Are the Strange
2007,2,Whisper
2007,1,White Noise 2: The Light
2007,1,Wild Hogs
2007,3,The World Unseen
2007,3,Year of the dog
2007,3,"Yobi, the Five-Tailed Fox (Cheon-nyeon-yeo-woo-yeo-woo-bi)"
2007,1,Young People Fucking
2007,3,[Rec]
2006,0,300
2006,1,A Crime
2006,1,A Guide to Recognizing Your Saints
2006,3,A Prairie Home Companion
2006,1,A Scanner Darkly
2006,3,Akeelah and the Bee
2006,0,Altered
2006,1,Amazing Grace
2006,2,The Ant Bully
2006,3,Apocalypto
2006,3,Aquamarine
2006,3,The Architect
2006,3,Art School Confidential
2006,0,Arthur and the Invisibles
2006,1,Bambi II
2006,3,Bandidas   [1 review(s) available]
2006,3,Black Christmas
2006,1,Black Dahlia
2006,1,Black Sheep
2006,1,Blood Diamond
2006,3,Bonneville
2006,1,Borat: Cultural Learnings of America for Make Benefit Glorious Nation of Kazakhstan
2006,3,Bordertown
2006,3,Brand Upon The Brain!
2006,1,Brave Story
2006,1,The Break Up
2006,3,The Break-Up
2006,3,Brother Bear 2
2006,3,Bug
2006,3,Caffeine
2006,3,Candy
2006,1,Cars
2006,3,Cashback
2006,1,Casino Royale
2006,3,Children of Men
2006,3,Clerks II
2006,0,Crank   [1 review(s) available]
2006,2,Curse of the Golden Flower
2006,1,The Da Vinci Code
2006,0,Das Leben Der Anderen
2006,3,The Devil Wears Prada
2006,3,DOA: Dead or Alive
2006,3,Dor
2006,3,Dreamland
2006,3,El laberinto del fauno (Pan's Labyrinth)
2006,3,The Fall
2006,3,Fay Grim
2006,2,Fido
2006,3,Final Destination 3
2006,0,Flushed Away
2006,3,For the Love of a Child
2006,3,For Your Consideration
2006,3,The Fountain
2006,3,Friends with Money
2006,1,The Gigolos
2006,3,Gray Matters
2006,3,The Grudge 2
2006,3,The Gymnast
2006,3,Half Light
2006,3,Half Nelson
2006,3,"Hello Sister, Goodbye Life"
2006,1,The History Boys
2006,3,Hogfather
2006,3,The Holiday   [1 review(s) available]
2006,3,Hula Girls
2006,3,"I'm a Cyborg, But That's OK"
2006,2,I'm Reed Fish
2006,1,Ice Age: The Meltdown
2006,1,Idiocracy
2006,3,Idlewild
2006,3,Il caimano (The Caiman)
2006,3,Inside Man
2006,1,Jackass Number Two
2006,2,John Tucker Must Die
2006,3,Kidulthood
2006,2,Lady in the Water
2006,3,The Lake House
2006,1,Letters from Iwo Jima
2006,3,Little Children
2006,3,Little Miss Sunshine
2006,3,Liu hao chukou (Exit No. 6)
2006,3,London To Brighton
2006,3,Love & Suicide
2006,3,Loving Annabelle
2006,1,Lucky Number Slevin
2006,3,Miss Potter
2006,3,Monster House
2006,1,Mulberry Street
2006,0,Nacho Libre
2006,3,Night at the Museum
2006,3,Nina's Heavenly Delights
2006,3,Offside
2006,0,On the Trail of Igor Rizzi
2006,2,Once
2006,3,The Painted Veil
2006,3,Paprika
2006,3,Paris je t'aime
2006,3,Perfume: The Story of a Murderer
2006,2,Pirates of the Caribbean: Dead Man's Chest
2006,2,Poseidon
2006,1,Poultrygeist: Night of the Chicken Dead
2006,3,Psych
2006,0,The Pursuit of Happyness
2006,3,The Queen
2006,3,Rang De Basanti
2006,3,Red Road
2006,3,Running with Scissors
2006,3,The Science of Sleep
2006,2,She's the Man
2006,3,Shortbus
2006,3,Silent Hill
2006,3,Slither
2006,3,Smokin' Aces
2006,3,Snakes on a Plane
2006,3,Snow cake
2006,3,Southland Tales
2006,2,Starter for 10
2006,3,Stick It
2006,3,Stranger Than Fiction
2006,1,Superman Returns
2006,3,This Film Is Not Yet Rated
2006,3,Times and Winds
2006,3,To Have and to Hold
2006,3,Toki wo kakeru sh&#333;jo (The Girl Who Leapt Through Time)
2006,1,Ultraviolet
2006,3,The University of Illinois vs. a Mummy
2006,3,Volver
2006,1,We Are Marshall
2006,3,Wendy Wu: Homecoming Warrior
2006,3,When a Stranger Calls
2006,1,The Wind That Shakes the Barley
2006,3,X-Men: The Last Stand
2006,3,The Zombie Diaries
2006,3,Zoom
2006,3,Zwartboek
2005,3,20 centimetros
2005,2,The 40 Year Old Virgin
2005,2,A Bittersweet Life (Dalkomhan insaeng)
2005,3,Adam & Steve
2005,3,AEon Flux
2005,3,The Amityville Horror
2005,3,Assault on Precinct 13
2005,1,The Aura
2005,3,Barbie and the Magic of Pegasus
2005,3,Barbie: Fairytopia
2005,1,Batman Begins
2005,3,Beauty Shop
2005,3,Bewitched
2005,3,BloodRayne
2005,2,Boogeyman
2005,2,Boy Eats Girl
2005,3,Boynton Beach Club
2005,3,Bratz: Rock Angelz
2005,3,Broken Flowers
2005,3,Capote
2005,3,Casanova
2005,3,Charlie and the Chocolate Factory
2005,3,"The Chronicles of Narnia: The Lion, the Witch and the Wardrobe"
2005,2,Cinderella Man
2005,3,The Constant Gardener
2005,1,Constantine
2005,0,Conversations with Other Women
2005,3,Corpse Bride
2005,3,Cursed
2005,1,Danny the dog
2005,3,Dark Water
2005,3,The Descent   [1 review(s) available]
2005,3,The Devil's Rejects
2005,3,Domino
2005,1,Enron: The Smartest Guys in the Room
2005,1,Factotum
2005,1,Fantastic Four
2005,3,Final Fantasy VII: Advent Children
2005,3,Fingersmith
2005,3,Flightplan
2005,3,The Fog
2005,3,Fun with Dick and Jane
2005,1,"Good Night, and Good Luck."
2005,3,Happy Endings
2005,3,Hard Candy   [1 review(s) available]
2005,1,Harry Potter and the Goblet of Fire
2005,2,Hate Crime
2005,2,Hitch
2005,1,The Hitchhiker's Guide to the Galaxy
2005,1,Hostel
2005,3,House of the Dead 2
2005,3,Hustle & Flow
2005,3,Ice Princess
2005,3,Imagine Me &amp; You
2005,3,In Her Shoes
2005,0,Into Great Silence
2005,3,The Island
2005,1,Isolation
2005,2,The Jacket
2005,0,Joyeux Noël
2005,3,Just Like Heaven
2005,3,Keeping Mum
2005,3,Kids in America
2005,3,Kinky Boots
2005,1,Kiss Kiss Bang Bang
2005,0,Last Order: Final Fantasy VII
2005,3,Le couperet
2005,3,Legion of the Dead
2005,2,Lord of War
2005,2,Lords of Dogtown
2005,3,Man of the House
2005,3,Match Point
2005,3,Memoirs of a Geisha
2005,3,MirrorMask
2005,3,Mortuary
2005,3,The Mostly Unfabulous Social Life of Ethan Green
2005,2,Mr. & Mrs. Smith
2005,3,Mrs Palfrey at The Claremont
2005,1,Munich
2005,3,The Muppets' Wizard of Oz
2005,2,Must Love Dogs
2005,3,Nana
2005,3,The New World
2005,3,North Country
2005,1,Paradise Now
2005,3,Pride and Prejudice
2005,3,Proof
2005,3,Red Eye
2005,3,The Ring Two
2005,1,Rings
2005,1,Robots
2005,3,Rumor Has It...
2005,3,Saw II
2005,3,Serenity
2005,3,Sin City   [1 review(s) available]
2005,3,Single White Female 2: The Psycho
2005,3,The Sisterhood of the Traveling Pants
2005,3,Sisters in Law
2005,3,The Skeleton Key
2005,3,Sky High
2005,1,Son of the Mask
2005,3,Sophie Scholl - Die letzten Tage
2005,2,The Squid and the Whale
2005,1,Star Wars: Episode III - Revenge of the Sith
2005,3,Star Wars: Revelations
2005,1,Stealth
2005,3,Strangers with Candy
2005,3,Sweet Land
2005,3,Tjenare kungen
2005,3,Transamerica
2005,1,Transporter 2
2005,2,Tristram Shandy: A Cock and Bull Story
2005,3,Twelve and Holding
2005,3,V for Vendetta   [3 review(s) available]
2005,1,Valiant
2005,3,Vampire Bats
2005,3,Waiting...
2005,3,Walk the Line
2005,3,Water
2005,3,The Wedding Date
2005,1,White Noise
2005,3,"Yours, Mine and Ours"
2005,0,Zathura: A Space Adventure
2004,3,13 Going on 30
2004,3,2046
2004,1,3-Iron
2004,2,50 First Dates
2004,3,A Cinderella Story   [1 review(s) available]
2004,3,A Good Woman
2004,3,A Home at the End of The World
2004,3,A Love Song for Bobby Long
2004,3,A Very Long Engagement
2004,2,Ae Fond Kiss...
2004,3,Anchorman: The Legend of Ron Burgundy
2004,3,Appleseed
2004,3,AVP: Alien vs. Predator
2004,0,Banlieue 13
2004,0,Before Sunset
2004,3,Born Into Brothels: Calcutta's Red Light Kids
2004,2,The Bourne Supremacy
2004,3,Bratz the Video: Starrin' & Stylin'
2004,3,Bride and Prejudice
2004,3,Bridget Jones: The Edge of Reason
2004,2,The Butterfly Effect
2004,3,Caribe
2004,3,Cellular
2004,2,The Chronicles of Riddick
2004,3,Closer
2004,1,Collateral
2004,3,Corpses
2004,3,Crash
2004,3,Creep
2004,3,Crimes of Fashion
2004,3,D.E.B.S.
2004,3,Dawn of the Dead
2004,3,The Day After Tomorrow
2004,3,Der Untergang (Downfall)
2004,3,Dodgeball: A True Underdog Story
2004,1,Duck Season
2004,2,Eternal Sunshine of the Spotless Mind
2004,3,Eulogy
2004,2,The Final Cut
2004,3,Finding Neverland
2004,3,Garden State
2004,3,Ghost Cat
2004,3,Ginger Snaps 2: Unleashed
2004,3,Gladiatress
2004,3,The Grudge
2004,3,Hana and Alice
2004,3,Harold and Kumar Go to White Castle
2004,3,Harry Potter and the Prisoner of Azkaban
2004,3,Hauru no ugoku shiro (Howl's Moving Castle)
2004,3,He Was Cool (Geunomeun meoshiteotda)
2004,1,Hellboy
2004,3,Home on the Range
2004,3,House of Voices (Saint Ange)
2004,3,I Heart Huckabees
2004,1,"I, Robot"
2004,3,In Search of Santa
2004,3,The Incredibles   [4 review(s) available]
2004,3,Innocence
2004,3,Iron Jawed Angels
2004,3,Kill Bill: Vol. 2
2004,3,Kinsey
2004,0,Kung Fu Hustle
2004,3,Ladies in Lavender
2004,2,The Life Aquatic with Steve Zissou
2004,3,Maria Full of Grace
2004,3,Mean Girls
2004,3,Million Dollar Baby   [1 review(s) available]
2004,3,Mulan II
2004,1,Mysterious Skin
2004,1,Napoleon Dynamite
2004,0,National Treasure
2004,1,New York Minute
2004,3,Nina
2004,1,Nochnoy dozor (Night Watch)
2004,3,North and South
2004,3,The Notebook
2004,2,Ocean's Twelve
2004,1,Palindromes
2004,2,The Phantom of the Opera
2004,1,The Place Promised in Our Early Days
2004,1,The Polar Express
2004,1,Primer
2004,3,The Princess Diaries 2: Royal Engagement
2004,3,Raising Helen
2004,3,Ray
2004,3,Resident Evil: Apocalypse
2004,3,Saved!
2004,3,Saving Face
2004,2,Saw
2004,3,Scooby Doo 2: Monsters Unleashed
2004,1,Secret Window
2004,1,Shark Tale
2004,3,Shaun of the Dead
2004,3,Shimotsuma monogatari (Kamikaze Girls)   [1 review(s) available]
2004,3,Shrek 2
2004,3,Sideways
2004,3,Sky Captain and the World of Tomorrow
2004,3,Speak
2004,1,Spider-Man 2
2004,1,The Spirit of Jeet Kune Do
2004,3,The Stepford Wives
2004,3,Taxi
2004,2,Team America: World Police
2004,1,Terkel i knibe
2004,3,They Came Back
2004,1,The Third Society
2004,3,Three... Extremes
2004,1,Troy
2004,3,Van Helsing
2004,3,The Village
2004,3,White Chicks
2004,3,Wimbledon
2004,3,With Blood on My Hands: Pusher II
2003,1,2 Fast 2 Furious
2003,3,2LDK
2003,3,A Tale of Two Sisters
2003,3,Après Vous
2003,3,The Barbarian Invasions
2003,1,Big Fish
2003,2,The Blind Swordsman: Zatoichi
2003,3,Bon voyage
2003,3,Bruce Almighty
2003,3,Camp
2003,3,Charlie's Angels: Full Throttle
2003,3,Coffee and Cigarettes
2003,3,Cold Mountain
2003,3,The Core
2003,1,Cradle 2 the Grave
2003,3,Daddy Day Care
2003,0,Daredevil
2003,1,Darkness Falls
2003,1,De grønne slagtere ('Green Butchers')
2003,3,Dead Like Me
2003,3,Distant Lights (Lichter)
2003,3,Dogville
2003,0,Dreamcatcher
2003,2,The Dreamers
2003,3,Elephant
2003,3,Final Destination 2
2003,1,Finding Nemo
2003,0,The Five Obstructions
2003,3,Freaky Friday
2003,3,Girls Will Be Girls
2003,3,Goodbye Lenin!
2003,3,"Heung joh chow heung yau chow (Turn Left, Turn Right)"
2003,2,Holes
2003,3,House of Sand and Fog
2003,2,House of the Dead
2003,2,How to Lose a Guy in 10 Days
2003,1,Hulk
2003,3,I Capture the Castle
2003,1,Identity
2003,3,In the Cut
2003,0,Interstella 5555: The 5tory of the 5ecret 5tar 5ystem
2003,1,The Italian Job
2003,3,Jeepers Creepers II
2003,0,The Jungle Book 2
2003,3,Kill Bill: Vol. 1   [2 review(s) available]
2003,0,Lara Croft Tomb Raider: The Cradle of Life
2003,0,The Last Samurai
2003,3,Le divorce
2003,3,"Legally Blonde 2: Red, White & Blonde"
2003,3,Les triplettes de Belleville
2003,1,The Lord of the Rings: The Return of the King
2003,3,Lost In Translation
2003,3,Love Actually   [1 review(s) available]
2003,3,Malibu Spring Break
2003,2,The Man Who Copied
2003,0,Master and Commander: The Far Side of the World
2003,3,The Matrix Reloaded   [2 review(s) available]
2003,3,The Matrix Revolutions   [1 review(s) available]
2003,3,The Missing
2003,3,Monster
2003,3,The Mother
2003,3,Mystic River
2003,0,Nothing
2003,1,Oldboy
2003,0,Ong-bak
2003,3,Peter Pan
2003,2,Pirates of the Caribbean: The Curse of the Black Pearl
2003,3,Prey for Rock & Roll
2003,3,Pride and Prejudice
2003,3,Rats
2003,3,The Room
2003,3,S.W.A.T.
2003,3,Scary Godmother: Halloween Spooktakular
2003,3,The School of Rock
2003,1,Secondhand Lions
2003,2,Shattered Glass
2003,2,Sinbad: Legend of the Seven Seas
2003,3,Something's Gotta Give
2003,1,"Spring, Summer, Fall, Winter... and Spring"
2003,2,Stara basn. Kiedy slonce bylo bogiem (An Ancient Tale: When the Sun was God)
2003,3,Terminator 3: Rise of the Machines
2003,3,Thirteen
2003,1,Timeline
2003,3,Tokyo Godfathers
2003,3,Undead
2003,3,Under the Tuscan Sun
2003,3,Underworld
2003,3,Uptown Girls
2003,3,View from the Top
2003,0,Voices of a Distant Star
2003,3,Wrong Turn
2003,3,X2 (X-Men 2)
2002,1,24 Hour Party People
2002,2,25th Hour
2002,3,28 Days Later...
2002,3,8 femmes
2002,3,A Walk to Remember
2002,3,Adaptation
2002,2,The Adventures of Pluto Nash
2002,3,All or Nothing
2002,3,Amandla! A Revolution in Four Part Harmony
2002,1,Armitage: Dual Matrix
2002,1,Bang Bang You're Dead
2002,3,The Banger Sisters
2002,0,Barbie as Rapunzel
2002,0,Below
2002,3,Bend It Like Beckham   [1 review(s) available]
2002,1,Blade II
2002,3,Blue Crush
2002,3,Cabin Fever
2002,3,Carrie
2002,1,Catch Me If You Can
2002,1,The Coast Guard
2002,3,Crossroads
2002,3,Cube2: Hypercube
2002,1,The Dangerous Lives of Altar Boys
2002,3,Dark Water (Honogurai mizu no soko kara)
2002,2,Death to Smoochy
2002,2,Die Another Day
2002,3,Divine Secrets of the Ya-Ya Sisterhood
2002,1,Equilibrium
2002,3,Far from Heaven
2002,2,Frida
2002,3,Froid comme l'été (Cold as Summer)
2002,3,Funny Ha Ha
2002,0,Gerry
2002,3,The Good Girl
2002,3,Harry Potter and the Chamber of Secrets
2002,3,High Crimes
2002,3,The Hot Chick
2002,3,The Hours
2002,1,The Hunchback of Notre Dame II
2002,0,Ice Age   [1 review(s) available]
2002,2,Igby Goes Down
2002,3,The Importance of Being Earnest
2002,3,Intimate Stories
2002,3,Is It College Yet?
2002,3,Lilo and Stitch
2002,3,Lilya 4-Ever
2002,1,The Lord of the Rings: The Two Towers
2002,3,The Magdalene Sisters
2002,3,Maggie and Annie
2002,3,Maid in Manhattan
2002,3,Marion Bridge
2002,1,Minority Report
2002,2,Mr Deeds
2002,3,My Big Fat Greek Wedding
2002,0,Naqoyqatsi
2002,3,Panic Room
2002,3,The Powerpuff Girls
2002,3,Queen of the Damned
2002,2,The Quiet American
2002,3,Rabbit-Proof Fence
2002,1,Red Dragon
2002,3,Resident Evil
2002,3,The Ring
2002,1,Ripley's Game
2002,3,The Rules of Attraction
2002,3,S1m0ne
2002,1,The Santa Clause 2
2002,3,Scooby-Doo
2002,3,Secretary
2002,1,Signs
2002,0,Spirit: Stallion of the Cimarron
2002,3,Spun
2002,3,Star Wars: Episode II - Attack of the Clones
2002,3,The Sweetest Thing
2002,3,Sympathy for Mr. Vengeance
2002,3,Teknolust
2002,3,Ten
2002,3,They
2002,3,Tipping the Velvet
2002,1,Treasure Planet
2002,3,The Twilight Samurai
2002,3,Two Weeks Notice
2002,3,Undercover Brother
2002,3,Waking Up in Reno
2002,3,We Were Soldiers
2002,3,White Oleander
2002,3,Wilbur Wants to Kill Himself
2002,1,xXx
2002,3,Ying xiong (Hero)
2002,2,Yossi & Jagger
2001,0,The 51st State
2001,1,A Beautiful Mind
2001,3,Amazons and Gladiators
2001,3,Amelie
2001,1,American Outlaws
2001,2,Antitrust
2001,3,Arite hime/Princess Arete
2001,1,Atlantis: The Lost Empire
2001,0,Baran
2001,0,Black Hawk Down
2001,0,The Breed
2001,3,Bridget Jones's Diary
2001,1,Brotherhood of the Wolf
2001,3,Cowboy Bebop: The Movie
2001,3,Don't Say A Word
2001,3,Donnie Darko
2001,3,Dr. Dolittle 2
2001,3,Elvira's Haunted Hills
2001,0,Escanaba in da Moonlight
2001,3,Evolution
2001,1,The Fast and the Furious
2001,1,Finder's Fee
2001,3,From Hell
2001,3,Ghost World
2001,3,Ghosts of Mars
2001,3,The Glass House
2001,2,Go
2001,3,Gosford Park
2001,3,Goyangileul butaghae (Take Care of My Cat)
2001,3,Gypsy 83
2001,3,Hannibal
2001,3,Harry Potter and the Sorcerer's Stone
2001,3,Hedwig and the Angry Inch
2001,3,High Heels and Low Lifes
2001,3,Hitched
2001,3,Hundstage
2001,3,I Am Sam
2001,3,In the Time of the Butterflies
2001,3,Jay and Silent Bob Strike Back
2001,3,Jeepers Creepers
2001,3,Josie and the Pussycats
2001,2,Kate & Leopold   [1 review(s) available]
2001,1,Kiss of the Dragon
2001,3,Kissing Jessica Stein
2001,1,L'uomo in più
2001,1,L.I.E.
2001,3,Lagaan - Once Upon a Time in India
2001,0,Lara Croft: Tomb Raider
2001,2,Late Marriage
2001,3,Le fate ignoranti
2001,3,Legally Blonde   [1 review(s) available]
2001,3,The Legend of Suriyothai
2001,1,The Lord of the Rings: The Fellowship of the Ring   [1 review(s) available]
2001,3,Lost and Delirious   [1 review(s) available]
2001,3,Lovely and Amazing
2001,3,Lucky Girl (a.k.a. My Daughter's Secret Life)
2001,3,Manic
2001,3,Me Without You
2001,2,Millennium Actress
2001,3,Miss Minoes (a.k.a Undercover Kitty)
2001,3,Monkeybone
2001,3,Monsoon Wedding
2001,1,"Monsters, Inc."
2001,3,Mulholland Dr.
2001,2,The Mystic Masseur
2001,3,Nowhere in Africa
2001,1,Ocean's Eleven
2001,0,The One
2001,3,Osmosis Jones
2001,3,The Others
2001,2,Pearl Harbor
2001,3,The Princess Diaries
2001,3,Riding in Cars with Boys
2001,3,The Royal Tenenbaums
2001,3,Save the Last Dance
2001,3,Shallow Hal
2001,0,Shaolin Soccer
2001,1,Shrek
2001,3,Someone Like You...
2001,3,Spirited Away
2001,3,Suicide Club
2001,1,Super Troopers
2001,1,Thir13en Ghosts
2001,1,Training Day
2001,2,Valentine
2001,1,Vanilla Sky
2001,0,Waiting For Godot
2001,3,War Bride
2001,3,The Wedding Planner
2001,3,Wet Hot American Summer
2001,3,Wiedźmin (The Hexer)
2001,3,Wit
2001,0,Y tu mama tambien
2001,3,Zaion: I Wish You Were Here
2001,3,Zoolander
2000,3,28 Days
2000,3,A Good Baby
2000,3,Almost Famous
2000,3,Alvin and the Chipmunks Meet the Wolfman
2000,1,American Psycho
2000,3,Baise-Moi
2000,1,Bamboozlee
2000,3,Batman Beyond: Return of the Joker
2000,1,The Beach
2000,3,Beautiful Creatures
2000,3,Billy Elliot
2000,1,Blinkende lygter ('Flickering Lights')
2000,1,Boiler Room
2000,3,Bread and Roses
2000,3,Bring It On
2000,1,Cast Away
2000,3,Cecil B. Demented
2000,2,The Cell
2000,3,Center Stage
2000,3,Charlie's Angels
2000,3,Cherry Falls
2000,3,Chicken Run
2000,3,The Circle
2000,3,Coyote Ugly
2000,3,The Dish
2000,0,Dragonheart: A New Beginning
2000,2,"Dude, Where's My Car   [1 review(s) available]"
2000,3,Dune
2000,3,The Emperor's New Groove   [1 review(s) available]
2000,3,Erin Brockovich
2000,3,Fa yeung nin wa (In the Mood for Love)
2000,1,Final Destination
2000,3,The Gift
2000,3,Ginger Snaps
2000,2,Girlfight
2000,0,Gladiator
2000,3,The Gleaners and I
2000,1,Gone in Sixty Seconds
2000,3,Greenfingers
2000,3,Gundam Wing: The Movie - Endless Waltz
2000,1,Hellraiser: Inferno
2000,3,Hollow Man   [1 review(s) available]
2000,3,Is It Fall Yet
2000,1,The Isle
2000,2,J.S.A.: Joint Security Area
2000,3,Joseph: King of Dreams
2000,3,Kevin & Perry Go Large
2000,3,Life-Size
2000,3,The Little Mermaid 2: Return to the Sea
2000,3,Love & Basketball
2000,3,Malèna
2000,3,The Man Who Cried
2000,1,Memento
2000,3,Mr. Accident
2000,0,"O Brother, Where Art Thou?"
2000,3,The Patriot
2000,3,Picture Claire
2000,3,Pitch Black
2000,3,Remember the Titans
2000,3,Requiem for a Dream
2000,3,Return to Me
2000,3,Ring 0: Birthday (Ringu 0: Bâsudei)
2000,0,The Road to El Dorado
2000,0,Romeo Must Die
2000,3,Rugrats in Paris:
2000,3,Scream 3
2000,2,Sexy Beast
2000,1,Shanghai Noon
2000,0,Snatch.
2000,3,Something Between Us
2000,3,Songcatcher
2000,3,Sordid Lives
2000,1,Thirteen days
2000,3,Titan A.E.
2000,3,Together
2000,0,Unbreakable
2000,2,The Way of the Gun
2000,3,What Lies Beneath
2000,1,What Women Want   [1 review(s) available]
2000,3,Where the Heart Is
2000,3,The Whole Nine Yards
2000,3,"Wo hu cang long (Crouching Tiger, Hidden Dragon)"
2000,1,X-Men
1999,3,10 Things I Hate About You
1999,3,The 13th Warrior
1999,3,The 4th Floor
1999,1,8MM
1999,2,A Midsummer Night's Dream
1999,3,American Beauty
1999,2,American Pie
1999,3,Annie
1999,1,Austin Powers: The Spy Who Shagged Me
1999,3,Being John Malkovich
1999,3,Better Than Chocolate   [1 review(s) available]
1999,0,The Big Kahuna
1999,3,Blast from the Past
1999,0,The Boondock Saints
1999,3,Boys Don't Cry   [1 review(s) available]
1999,3,But I'm a Cheerleader
1999,3,Carrie 2: The Rage
1999,2,The Cider House Rules
1999,3,Cruel Intentions
1999,3,Dick
1999,3,Dogma
1999,3,Double Platinum
1999,3,Drop Dead Gorgeous
1999,3,Election
1999,1,eXistenZ
1999,3,Eyes Wide Shut
1999,1,Fight Club   [1 review(s) available]
1999,2,For Love of the Game
1999,1,Galaxy Quest
1999,1,Ghost Dog: The Way of the Samurai
1999,1,Gigantics
1999,1,The Green Mile
1999,3,The Haunting
1999,3,Holy Smoke
1999,2,Inferno
1999,0,The Iron Giant
1999,3,Jawbreaker
1999,3,The Magical Legend of the Leprechauns
1999,1,Magnolia
1999,1,Man on the Moon
1999,3,The Matrix   [1 review(s) available]
1999,1,The Mummy
1999,3,Muppets From Space
1999,0,Mystery Men
1999,3,Never Been Kissed
1999,3,New Waterford Girl
1999,3,Notting Hill
1999,1,Office Space
1999,3,The Other Sister
1999,1,Payback
1999,1,Pocket Monsters: Mewtwo Strikes Back!
1999,1,Ravenous
1999,3,Redball
1999,3,Ring 2 (Ringu 2)
1999,3,Shojo kakumei Utena: Adolescence mokushiroku
1999,3,The Sixth Sense
1999,3,Sleepy Hollow
1999,3,South Park: Bigger Longer & Uncut
1999,3,Splendor
1999,3,Star Wars: Episode I - The Phantom Menace
1999,1,Stuart Little
1999,3,The Talented Mr. Ripley
1999,2,Tarzan
1999,3,Teaching Mrs. Tingle
1999,3,Things You Can Tell Just by Looking at Her
1999,3,Titus
1999,3,Todo sobre mi madre (All About My Mother)
1999,3,Topsy-Turvy
1999,1,Toy Story 2
1999,3,Virus
1999,2,Wild Wild West   [1 review(s) available]
1999,2,Wing Commander
1999,3,Wives and Daughters
1998,1,54
1998,2,American History X
1998,1,Armageddon
1998,3,The Avengers
1998,1,BASEketball
1998,3,Beloved
1998,1,The Big Lebowski
1998,3,"Black Cat, White Cat"
1998,1,Bride of Chucky
1998,1,Buffalo '66
1998,3,Central Station
1998,1,Dark City
1998,1,Dark Harbor
1998,1,Disturbing Behavior
1998,3,The Dreamlife of Angels
1998,3,Elizabeth
1998,3,Ever After
1998,3,The Faculty
1998,1,Fear and Loathing in Las Vegas
1998,3,Festen (The Celebration)
1998,2,Get Real
1998,3,Gia
1998,3,Glasblasarns barn
1998,3,Godzilla
1998,3,Halloween H20: 20 Years Later
1998,3,Hope Floats
1998,3,The Idiots
1998,3,The Lion King 2: Simba's Pride
1998,1,"Lock, Stock and Two Smoking Barrels"
1998,3,Lost in Space
1998,3,Love & Pop
1998,1,The Man in the Iron Mask   [1 review(s) available]
1998,1,The Mask of Zorro
1998,3,Mulan   [3 review(s) available]
1998,2,Out of Sight
1998,3,The Parent Trap
1998,3,Perfect Blue
1998,3,Phantoms
1998,2,Pi
1998,3,Pleasantville   [1 review(s) available]
1998,3,Practical Magic
1998,3,Primary Colors
1998,1,The Prince of Egypt
1998,2,The Proposition
1998,3,Quest for Camelot
1998,1,Rasen
1998,3,The Red Violin
1998,3,Ring (Ringu)
1998,1,Run Lola Run
1998,3,Rush Hour
1998,1,Rushmore
1998,0,Saving Private Ryan
1998,3,Scooby-Doo on Zombie Island
1998,1,The Secret of NIMH 2: Timmy to the Rescue
1998,3,Shakespeare in Love
1998,3,Show Me Love
1998,1,Six Days Seven Nights
1998,1,SLC Punk!
1998,3,Sliding Doors
1998,3,Slums of Beverly Hills
1998,1,Small Soldiers
1998,3,Species II
1998,3,Star Trek: Insurrection
1998,3,Stepmom
1998,1,The Storm Riders
1998,3,Strike!
1998,3,There's Something About Mary
1998,1,The Thin Red Line
1998,1,The Truman Show
1998,3,Urban Legend
1998,0,Vampires (John Carpenter's)
1998,3,Wandâfuru raifu
1998,2,The Wedding Singer
1998,2,Wild Things
1998,3,Yeogo goedam
1998,3,Your Friends and Neighbors
1997,3,A Simple Wish
1997,3,Actrius
1997,1,Air Force One
1997,3,Alien: Resurrection
1997,3,Anastasia
1997,2,Austin Powers: International Man of Mystery
1997,3,Ayneh
1997,3,Ayneh
1997,2,Batman & Robin
1997,3,Boogie Nights   [1 review(s) available]
1997,1,Career Girls
1997,3,The Castle
1997,3,Cats Don't Dance
1997,3,Chasing Amy   [1 review(s) available]
1997,0,Chun gwong cha sit (Happy Together)
1997,3,Cinderella
1997,3,Clockwatchers
1997,1,Con Air
1997,2,Conspiracy Theory
1997,3,Contact
1997,3,Cube
1997,3,Dante's Peak
1997,3,Event Horizon
1997,1,Face/Off
1997,3,Fever Pitch
1997,1,Fierce Creatures
1997,1,The Fifth Element   [1 review(s) available]
1997,2,Flubber
1997,3,For Richer or Poorer
1997,1,Free Willy 3: The Rescue
1997,3,Funny Games
1997,3,G.I. Jane
1997,1,Gattaca   [1 review(s) available]
1997,3,George of the Jungle
1997,0,Good Will Hunting
1997,3,Grosse Pointe Blank
1997,3,Hercules   [1 review(s) available]
1997,3,I Know What You Did Last Summer
1997,3,I Think I Do
1997,1,In the Company of Men
1997,3,The Inheritance
1997,3,Jackie Brown
1997,2,Jungle 2 Jungle
1997,2,Kiss the Girls
1997,1,Knockin' on Heaven's Door
1997,3,Le Acrobate
1997,1,Liar Liar
1997,3,The Lost World: Jurassic Park
1997,1,Men in Black
1997,3,Mononoke-hime
1997,3,Mortal Kombat: Annihilation
1997,2,My Best Friend's Wedding
1997,3,My Life in Pink ( Ma Vie En Rose )
1997,3,Neon Genesis Evangelion: The End of Evangelion
1997,1,Orgazmo
1997,3,The Peacemaker
1997,3,Perfect Picture
1997,3,Scream 2
1997,3,Selena
1997,3,Smilla's Sense of Snow
1997,3,Snow White: A Tale of Terror
1997,3,Spice World
1997,3,Starship Troopers
1997,0,Taste of Cherry
1997,3,Titanic   [1 review(s) available]
1997,3,Vegas Vacation
1997,3,Volcano
1997,3,The Well
1997,2,Wild America
1997,3,Wilde
1997,3,The Winter Guest
1996,3,101 Dalmatians
1996,3,The Associate
1996,3,August
1996,3,Beautiful Girls
1996,3,Beyond Silence (Jenseits der Stille)
1996,3,Big Night
1996,2,The Birdcage
1996,3,Bound
1996,3,Brassed Off
1996,0,Broken Arrow
1996,1,Chain Reaction
1996,3,Charlot og Charlotte
1996,0,Connie Gomper & the Pack
1996,3,The Craft   [1 review(s) available]
1996,0,Down Periscope
1996,2,DragonHeart   [1 review(s) available]
1996,3,Eye for an Eye
1996,1,The Fan
1996,3,Fargo
1996,3,Fear
1996,3,The First Wives Club
1996,3,Fly Away Home
1996,3,Freeway
1996,3,The Frighteners
1996,3,Girls Town
1996,1,The Glimmer Man
1996,1,The God of Cookery
1996,1,Hamlet
1996,0,Hard Eight
1996,1,Hellraiser: Bloodline
1996,1,The Hunchback of Notre Dame
1996,3,Independence Day
1996,3,James and the Giant Peach
1996,3,Jane Eyre
1996,3,Kids Return
1996,3,Libertarias
1996,1,The Long Kiss Goodnight
1996,3,Love and Other Catastrophes
1996,3,Manny & Lo
1996,3,Mars Attacks!
1996,3,Matilda   [1 review(s) available]
1996,3,The Mirror Has Two Faces
1996,1,Mission: Impossible
1996,3,Mr. Wrong
1996,3,Poison Ivy II
1996,3,The Preacher's Wife
1996,0,Pusher
1996,0,The Quest
1996,1,Ridicule
1996,3,Romeo + Juliet
1996,3,Sabrina the Teenage Witch
1996,3,Scream
1996,3,Secrets & Lies
1996,1,Space Jam
1996,3,Star Trek: First Contact
1996,3,Striptease
1996,3,That Thing You Do!
1996,2,Trainspotting
1996,3,Twister
1996,3,Walking and Talking
1996,3,When the Cat's Away
1995,2,A Goofy Movie
1995,3,A little princess
1995,3,The Addiction
1995,1,Aladdin and the King of Thieves
1995,3,The American President
1995,3,Antonia's Line
1995,3,Apollo 13
1995,1,Assassins
1995,3,The Baby-Sitters Club
1995,2,Balto
1995,1,Batman Forever
1995,0,Before Sunrise
1995,2,Braveheart
1995,3,The Bridges of Madison County   [1 review(s) available]
1995,1,Canadian Bacon
1995,2,Casino
1995,3,Casper
1995,3,The Celluloid Closet
1995,3,Clueless
1995,3,Cold Comfort Farm
1995,0,Congo
1995,3,Copycat
1995,1,Devil in a Blue Dress
1995,1,Die Hard: With a Vengeance
1995,3,Dracula: Dead and Loving It
1995,3,Empire Records
1995,1,Fallen Angels
1995,1,Four rooms
1995,2,French Kiss
1995,3,Gold Diggers: The Secret of Bear Mountain
1995,2,Hackers
1995,2,Heat
1995,3,Home for the holidays
1995,3,How to Make an American Quilt
1995,3,The Incredibly True Adventures of Two Girls in Love
1995,3,Jumanji
1995,0,Kôkaku kidôtai (Ghost in the Shell)
1995,0,La Haine
1995,3,The Langoliers
1995,3,Maborosi
1995,1,Mallrats
1995,3,Mighty Morphin Power Rangers: The Movie
1995,3,Mimi wo sumaseba (Whisper of the Heart)
1995,1,Mortal Kombat
1995,3,The Net
1995,3,Now and Then
1995,3,Outbreak
1995,2,The Pebble and the Penguin
1995,3,Persuasion
1995,3,Pocahontas   [1 review(s) available]
1995,3,Pride and Prejudice
1995,1,The Quick and the Dead
1995,1,Ringu Kanzenban
1995,1,Rumble in the Bronx (Hung fan kui)
1995,3,Sabrina
1995,3,Safe
1995,3,"Sailor Moon SuperS the Movie, The Ten Senshi Unite, Mystery of the Black Dream Hole (Sailor Moon Super S the Movie: Black Dream"
1995,1,Se7en
1995,3,Showgirls
1995,3,Species
1995,3,Strange Days
1995,3,Tank Girl
1995,3,To Wong Foo Thanks for Everything! Julie Newmar
1995,1,Toy Story
1995,1,Twelve Monkeys
1995,0,Waterworld
1995,3,When Night is Falling
1995,2,While You Were Sleeping
1994,1,A.P.E.X.
1994,2,Ace Ventura: Pet Detective
1994,3,"The Adventures of Priscilla, Queen of the Desert"
1994,1,Airheads
1994,1,Angels in the Outfield
1994,0,Beverly Hills Cop III
1994,3,Birds 2: Land's End
1994,1,Brainscan
1994,1,Chungking Express
1994,3,The Client
1994,3,Color of Night
1994,3,"Corrina, Corrina"
1994,3,Crooklyn
1994,3,The Crow
1994,2,Drop Zone
1994,3,Eat Drink Man Woman
1994,3,Ed Wood
1994,1,Felidae
1994,1,Forrest Gump
1994,3,Fritänkaren
1994,3,Gekijô-ban - Bishôjo senshi Sêrâ Mûn S (Sailor Moon S the Movie: Hearts in Ice)
1994,3,Giorgino
1994,3,Heavenly Creatures
1994,1,Heisei tanuki gassen pompoko
1994,3,I Like It Like That
1994,1,In the Mouth of Madness
1994,1,Interview with the Vampire
1994,3,It's Pat
1994,1,The Last Seduction
1994,3,Legend of the Red Dragon / Hong Xi Guan: Zhi Shao Lin wu zu
1994,3,Legends of the Fall
1994,1,The Lion King   [1 review(s) available]
1994,3,Little Women
1994,1,The Mask
1994,3,Mina Tannenbaum
1994,3,Muriel's Wedding
1994,2,Naked Gun 33 1/3: The Final Insult
1994,0,Oleanna
1994,1,The Pagemaster
1994,1,Police Academy: Mission to Moscow
1994,3,Priest
1994,3,The Professional
1994,3,Pulp Fiction
1994,2,Quiz Show
1994,0,The Return of Jafar
1994,3,The Road to Wellville   [1 review(s) available]
1994,0,The Shawshank Redemption
1994,3,Sister My Sister
1994,1,The Specialist
1994,3,Speed
1994,3,The Stand
1994,3,Star Trek Generations
1994,1,Stargate
1994,3,Street Fighter   [1 review(s) available]
1994,1,The Swan Princess
1994,1,Three Colors: White
1994,1,True Lies
1994,3,Uncovered
1994,2,Wing Chun
1993,3,Adams Family Values
1993,0,Batman: Mask of the Phantasm
1993,3,The Beverly Hillbillies
1993,3,Body of Evidence
1993,0,Cannibal! The Musical
1993,3,Coneheads
1993,1,Cool Runnings
1993,3,Dave
1993,3,Dazed and Confused
1993,3,Death Train
1993,0,Demolition Man
1993,3,Dragon: The Bruce Lee Story
1993,3,The Evil Cult
1993,3,Fatal Instinct
1993,2,The Fugitive
1993,3,Gekijô-ban - Bishôjo senshi Sêrâ Mûn R (Sailor Moon R the Movie: The Promise of the Rose)
1993,0,Gettysburg
1993,2,Groundhog Day
1993,3,Gypsy
1993,3,Heidi
1993,3,The Heroic Trio
1993,3,Hocus Pocus
1993,3,Indian Summer
1993,0,Indien
1993,3,The Joy Luck Club
1993,3,Jurassic Park   [1 review(s) available]
1993,1,Little Buddha
1993,3,Mrs. Doubtfire
1993,3,Naked
1993,1,The Nightmare Before Christmas
1993,3,Once Upon a Forest
1993,3,The Piano
1993,3,Pieces of April
1993,3,Point of No Return/The Assassin
1993,0,The Remains of the Day
1993,3,Robin Hood: Men in Tights
1993,3,RoboCop 3
1993,0,The Sandlot
1993,3,Schindler's List
1993,3,The Secret Garden
1993,3,Short Cuts
1993,3,Sister Act 2: Back in the Habit
1993,3,Super Mario Bros.
1993,3,Telling Secrets
1993,3,Three Colors: Blue
1993,3,Tombstone
1993,3,Umi ga kikoeru
1993,1,Undercover Blues
1993,3,Untamed Heart
1993,3,The Wedding Banquet
1992,1,A Few Good Men
1992,3,A League of Their Own
1992,0,Aladdin   [2 review(s) available]
1992,0,Alien 3
1992,2,Army of Darkness
1992,0,Baraka
1992,1,Basic Instinct
1992,0,Batman Returns
1992,3,Boomerang
1992,3,Candyman
1992,1,Chaplin
1992,3,Como agua para chocolate
1992,2,The Crying Game
1992,3,The Cutting Edge
1992,3,Damage
1992,3,Dead Alive
1992,3,Death Becomes Her
1992,3,Dracula
1992,3,Enchanted April
1992,3,FernGully: The Last Rainforest
1992,3,Gas Food Lodging
1992,0,Glengarry Glen Ross
1992,1,Home Alone 2: Lost in New York
1992,3,Howards End
1992,3,Husbands and Wives
1992,2,King of Beggars
1992,3,Ladybugs
1992,1,The Lawnmower Man
1992,3,Leaving Normal
1992,3,Malcolm X
1992,1,The Muppet Christmas Carol
1992,1,My Cousin Vinny
1992,1,Newsies
1992,2,Orlando
1992,3,Passion Fish
1992,3,The Player
1992,1,Porco Rosso (Kurenai no Buta)
1992,0,Reservoir Dogs
1992,3,Sarafina!
1992,1,Scent of a Woman
1992,3,Single White Female
1992,3,Sister Act
1992,2,Stop! Or My Mom Will Shoot
1992,3,Straight Talk
1992,3,This is My Life
1992,3,Toys
1992,3,Twin Peaks: Fire Walk With Me
1991,3,The Addams Family
1991,3,An American Tail: Fievel Goes West
1991,3,Beauty and the Beast   [3 review(s) available]
1991,1,Bill & Ted's Bogus Journey
1991,1,Black Robe
1991,0,Closet Land
1991,3,Critters 3
1991,3,Defending Your Life
1991,3,Don't Tell Mom the Babysitter's Dead
1991,3,The Fisher King
1991,2,Flirting
1991,3,Fried Green Tomatoes
1991,3,Hudson Hawk
1991,3,Impromptu
1991,3,Into The Woods
1991,3,L.A. Story
1991,3,The Last Boy Scout
1991,3,Lethal Games
1991,0,Life Stinks
1991,1,The Lovers on the Bridge
1991,3,Madonna: Truth or Dare
1991,1,Motorama
1991,3,My Girl
1991,1,The Naked Gun 2 1/2: The Smell of Fear
1991,3,Neon City
1991,3,The Object of Beauty
1991,3,Omohide poro poro
1991,3,Other People's Money
1991,0,Point Break
1991,3,The Princess and the Goblin
1991,3,Raise the Red Lantern
1991,3,Robin Hood: Prince of Thieves
1991,1,The Rocketeer
1991,3,Shakes the Clown
1991,3,The Silence of the Lambs
1991,2,Star Trek VI: The Undiscovered Country
1991,3,Tacones Lejanos
1991,3,Teenage Mutant Ninja Turtles II: The Secret of the Ooze
1991,3,Terminator 2: Judgement Day
1991,3,Thelma & Louise
1991,2,What About Bob?
1990,3,A Little Night Music
1990,3,A Tale of Springtime
1990,0,Air America
1990,2,The Bonfire of the Vanities
1990,3,Child's Play 2
1990,1,Close-Up
1990,0,Dark Angel (I Come in Peace)
1990,0,Darkman
1990,3,Die Hard 2
1990,3,Edward Scissorhands
1990,2,Europa Europa
1990,3,Flatliners
1990,2,Ghost
1990,2,Goodfellas
1990,3,The Handmaid's Tale
1990,2,Home Alone
1990,1,The Hunt for Red October
1990,0,I Hired a Contract Killer
1990,3,I love you to death
1990,1,It
1990,2,Joe Versus the Volcano
1990,3,Life Is Sweet
1990,3,The Long Walk Home
1990,3,The Match Factory Girl
1990,3,Mermaids
1990,3,Mindwalk
1990,3,Paris is Burning
1990,3,Postcards from the Edge
1990,2,Predator 2
1990,3,Pretty Woman
1990,3,Qin yong
1990,1,RoboCop 2
1990,0,The Russia House
1990,3,Strangers in Good Company
1990,2,Teenage Mutant Ninja Turtles
1990,3,Tremors
1990,3,Troll 2
1990,2,Wild at Heart
1990,3,The Witches
1989,1,The 'Burbs
1989,3,The Abyss
1989,3,All Dogs Go to Heaven
1989,3,Back to the Future Part II
1989,1,Batman
1989,1,"The Cook, the Thief, His Wife & Her Lover"
1989,3,Crimes and Misdemeanors
1989,0,The Dream Team
1989,2,Drugstore Cowboy
1989,1,Fletch Lives
1989,3,"Get Smart, Again!"
1989,2,Ghostbusters II
1989,3,Henry V
1989,3,"Honey, I Shrunk the Kids"
1989,0,Indiana Jones and the Last Crusade
1989,3,Leviathan
1989,2,Licence to Kill
1989,2,The Little Mermaid   [4 review(s) available]
1989,3,Majo no takkyûbin (Kiki's Delivery Service)
1989,1,Major League
1989,3,Meet The Feebles
1989,1,Mystery Train
1989,3,Oranges Are Not The Only Fruit
1989,3,Przesluchanie
1989,1,Resan till Melonia
1989,1,Road House
1989,2,Say Anything...
1989,2,"Sex, Lies, and Videotape"
1989,3,Shag
1989,1,Star Trek V: The Final Frontier
1989,3,Steel Magnolias
1989,3,Teen Witch
1989,3,Troop Beverly Hills
1989,1,Turner & Hooch
1989,1,Weekend at Bernie's
1989,3,When Harry Met Sally
1989,3,Wild Orchid
1988,3,A Fish Called Wanda
1988,3,The Accused
1988,1,Action Jackson
1988,1,Akira
1988,3,Appleseed
1988,3,Beaches
1988,3,Beetle Juice
1988,1,Big
1988,3,Big Business
1988,3,Child's Play
1988,1,Cinema Paradiso
1988,3,Coming to America
1988,3,Dangerous Liaisons
1988,2,Dead Ringers
1988,3,Die Hard
1988,3,"Distant Voices, Still Lives"
1988,0,Gakkô no kaidan G
1988,3,Hairspray
1988,3,Heathers
1988,3,Hell Comes to Frogtown
1988,1,Hellbound: Hellraiser II
1988,3,L'etudiante
1988,3,The Land Before Time
1988,2,The Last Temptation of Christ
1988,3,Married to the Mob
1988,2,Midnight Run
1988,3,My Stepmother Is an Alien
1988,1,The Naked Gun: From the Files of Police Squad!
1988,2,Oliver & Company
1988,3,Poltergeist III
1988,1,Rain Man
1988,3,Rock 'n' Roll Mom
1988,3,Scooby-Doo and the Ghoul School
1988,3,Scrooged
1988,3,Sticky Fingers
1988,0,They Live
1988,3,Tonari no Totoro
1988,1,Torch Song Trilogy
1988,2,Twins
1988,3,Two Moon Junction
1988,3,Willow
1988,3,Working Girl
1988,3,World Gone Wild
1988,1,Young Guns
1987,3,84 Charing Cross Road
1987,3,Around the World in Eighty Ways
1987,3,Babette's Feast
1987,3,Baby Boom
1987,3,Barbie and the Rockers: Out of This World
1987,1,Beverly Hills Cop II
1987,3,Black Widow
1987,3,Broadcast News
1987,3,The Chipmunk Adventure
1987,3,Dirty Dancing
1987,3,Dragnet
1987,3,Evil Dead II
1987,3,Fatal Attraction
1987,0,Full Metal Jacket
1987,2,The Gate
1987,3,Hansel and Gretel
1987,3,Hard Ticket to Hawaii
1987,3,Hellraiser
1987,3,High Tide
1987,3,House of Games
1987,3,Housekeeping
1987,3,I've Heard the Mermaids Singing
1987,1,Lethal Weapon
1987,3,Light of Day
1987,1,The Lost Boys
1987,2,Maurice
1987,3,Moonstruck
1987,3,Ngati
1987,3,Nice girls don't expolosde
1987,3,Outrageous Fortune
1987,2,Overboard
1987,3,Prince of Darkness
1987,2,The Princess Bride
1987,1,Radio Days
1987,3,Raising Arizona
1987,1,RoboCop
1987,3,Spaceballs
1987,3,Superman IV: The Quest for Peace
1987,0,Swimming to Cambodia
1987,3,The Witches of Eastwick
1987,1,Withnail & I
1987,3,The Wonderful Wizard of Oz
1986,1,The Adventures of Milo and Otis
1986,3,Aliens   [2 review(s) available]
1986,3,An American Tail
1986,0,Asterix in Britain (Asterix chez les Bretons)
1986,1,Back to School
1986,3,Big Trouble in Little China
1986,3,The Clan of the Cave Bear
1986,3,Crocodile Dundee
1986,1,F/X
1986,2,Ferris Bueller's Day Off
1986,2,The Fly
1986,1,The Great Mouse Detective
1986,3,Highlander
1986,3,Hour of the Star
1986,3,Howard The Duck
1986,3,Jumpin' Jack Flash
1986,3,Labyrinth
1986,1,Little Shop of Horrors
1986,2,Maximum Overdrive
1986,2,The Money Pit
1986,0,Platoon
1986,1,Police Academy 3: Back in Training
1986,3,Pretty in Pink
1986,3,Project A-ko
1986,3,Ruthless People
1986,3,Short Circuit
1986,3,SpaceCamp
1986,0,Stand By Me
1986,3,Star Trek IV: The Voyage Home
1986,3,Tenkû no shiro Rapyuta
1986,0,The Transformers: The Movie
1986,0,When the Wind Blows
1985,3,A Chorus Line
1985,3,A Room with a View
1985,0,Astérix et la Surprise de Céasar (Asterix vs. Caesar)
1985,1,Back to the Future
1985,3,Barbarian Queen
1985,3,Better Off Dead
1985,3,The Black Cauldron
1985,3,Brazil
1985,3,The Breakfast Club
1985,3,The Care Bears Movie
1985,3,Clue   [1 review(s) available]
1985,3,The Color Purple
1985,0,Day of the Dead
1985,3,Desert Hearts
1985,0,Enemy Mine
1985,0,Fandango
1985,1,Fletch
1985,3,The Goonies
1985,0,Huang tudi (Yellow Earth)
1985,3,Just One of the Guys
1985,3,Legend
1985,2,My Beautiful Laundrette
1985,3,The Official Story
1985,3,Otac na sluzbenom putu
1985,3,Phenomena
1985,3,Purple Rose of Cairo
1985,1,Real Genius
1985,3,Red Sonja   [1 review(s) available]
1985,3,Return to Oz
1985,3,Sans toi ni loi (Vagabond)
1985,1,Starchaser: The Legend of Orin
1985,3,Sweet Dreams
1985,2,Tomo yo shizukani nemure
1985,3,Weird Science
1984,1,2010
1984,2,A nightmare on Elm Street
1984,3,A Passage to India
1984,3,A Private Function
1984,0,A Soldier's Story
1984,0,The Adventures of Buckaroo Banzai Across the 8th Dimension
1984,3,Amadeus
1984,0,Beverly Hills Cop
1984,3,Blame It on Rio
1984,2,Body Double
1984,3,The Bostonians
1984,3,Conan the Destroyer
1984,3,Dune
1984,3,Friday the 13th Part IV: The Final Chapter
1984,1,Ghostbusters
1984,1,Gremlins
1984,0,Indiana Jones and the Temple of Doom
1984,3,The Karate Kid
1984,3,Kaze no tani no Naushika
1984,3,The Last Starfighter
1984,3,Love Streams
1984,3,The Muppets Take Manhattan
1984,1,The Natural
1984,1,The Neverending Story
1984,3,Night of the Comet   [1 review(s) available]
1984,1,"Paris, Texas"
1984,3,Poison for the Fairies
1984,3,Police Academy
1984,3,Purple Rain
1984,2,Repo Man
1984,1,Splash
1984,3,Supergirl
1984,2,The Terminator
1984,1,This Is Spinal Tap
1984,0,Top Secret!
1983,3,The Ballad of Narayama
1983,3,Born in Flames
1983,0,Breathless
1983,3,Dark Habits
1983,3,Educating Rita
1983,3,El Norte
1983,3,Flashdance
1983,0,Go for It
1983,3,Hercules
1983,3,The Hunger
1983,3,Lianna
1983,3,Local Hero
1983,3,Los renglones torcidos de Dios
1983,2,Rumble Fish
1983,1,Scarface
1983,3,Silkwood
1983,0,Star Wars: Episode VI - Return of the Jedi
1983,3,Superman III
1983,3,Terms of Endearment
1983,1,Trading Places
1983,2,Videodrome
1983,1,WarGames
1983,1,Yellowbeard
1982,3,Annie
1982,0,Banana Joe
1982,3,The Best Little Whorehouse in Texas
1982,1,Blade Runner
1982,3,"Come Back to the Five and Dime, Jimmy Dean, Jimmy Dean"
1982,1,Conan the Barbarian
1982,0,Countryman
1982,1,The Dark Crystal
1982,3,Deathtrap
1982,2,The Draughtsman's Contract
1982,3,E.T.: The Extra-Terrestrial
1982,2,Fanny and Alexander
1982,2,Fast Times at Ridgemont High
1982,0,First Blood
1982,3,Forbidden World
1982,3,Friday the 13th Part III
1982,3,Grease 2
1982,1,The King of Comedy
1982,0,Koyaanisqatsi
1982,3,"Ladies and Gentlemen, the Fabulous Stains"
1982,3,The Last Unicorn
1982,3,Le Retour de Martin Guerre
1982,3,Poltergeist
1982,2,Porky's   [1 review(s) available]
1982,3,The Secret of NIMH
1982,3,Smithereens
1982,3,Sophie's Choice
1982,3,Star Trek: The Wrath of Khan
1982,0,The Thing
1982,1,Tootsie
1982,0,TRON
1981,2,An American Werewolf in London
1981,2,Body Heat
1981,3,Christiane F. - Wir Kinder vom Bahnhof Zoo
1981,3,Clash of the Titans   [1 review(s) available]
1981,0,Das Boot
1981,0,Escape from New York
1981,1,The Evil Dead
1981,2,The Fox and the Hound
1981,1,Friday the 13th Part 2
1981,3,The Great Muppet Caper
1981,3,Halloween II
1981,1,Heavy Metal
1981,1,History of the World: Part I
1981,3,Horror Planet
1981,3,Lady Chatterley's Lover
1981,1,Looker
1981,0,My Dinner With Andre
1981,1,Outland
1981,1,Pennies from Heaven
1981,3,Polyester
1981,1,Quest for Fire
1981,0,Raiders of the Lost Ark
1981,2,Stripes
1981,1,Time Bandits
1981,3,Umrao Jaan
1981,3,The Woman Next Door
1980,3,Airplane!
1980,1,Any Which Way You Can
1980,3,Atlantic City
1980,1,The Blues Brothers
1980,3,Can't Stop the Music
1980,3,Fade to Black
1980,3,Fame
1980,3,Flash Gordon
1980,3,The Fog
1980,2,Friday the 13th
1980,3,La terrazza
1980,3,Little Darlings
1980,1,Loose Shoes
1980,3,Moskva slezam ne verit
1980,3,Nine to Five
1980,1,The Nude Bomb
1980,3,"Pepi, Luci, Bom and Other Girls Like Mom"
1980,1,Resurrection
1980,2,The Shining
1980,0,Star Wars: Episode V - The Empire Strikes Back
1980,3,Superman II
1980,3,Xanadu
1979,3,Alien
1979,2,All That Jazz
1979,0,Apocalypse Now
1979,2,Being There
1979,3,The China Syndrome
1979,3,Die Blechtrommel
1979,1,The Jerk
1979,0,L'hypothese du tableau vole
1979,3,Life of Brian
1979,1,Manhattan
1979,1,Moonraker
1979,3,My Brilliant Career
1979,0,Nosferatu the Vampyre
1979,1,Quadrophenia
1979,3,Rock 'n' Roll High School
1979,1,Star Trek: The Motion Picture
1979,2,Time After Time
1979,1,The Warriors
1978,2,Animal House
1978,2,Avalanche
1978,2,Damien: Omen II
1978,0,Dawn of the Dead
1978,3,Days of Heaven
1978,3,Death on the Nile
1978,3,Grease
1978,3,Höstsonaten
1978,3,Halloween
1978,3,The Hound of the Baskervilles
1978,0,I Spit on Your Grave
1978,0,Quel maledetto treno blindato
1978,0,Ringing Bell (Chirin no Suzu)
1978,1,The Star Wars Holiday Special
1978,1,Superman
1978,1,Watership Down
1978,3,Within the Woods
1978,3,The Wiz
1977,3,3 Women
1977,0,The 36 Crazy Fists
1977,3,A Little Night Music
1977,3,Annie Hall
1977,1,Close Encounters of the Third Kind
1977,3,Death Trap!
1977,0,Eraserhead
1977,3,House
1977,3,Julia
1977,1,The Man Who Loved Women
1977,0,The Many Adventures of Winnie the Pooh
1977,3,The Rescuers
1977,1,Saturday Night Fever
1977,3,The Sentinel
1977,3,Sluzhebnyy roman
1977,1,Soldaat van Oranje
1977,1,Star Wars   [2 review(s) available]
1977,0,Stroszek
1977,3,Suspiria
1976,0,A Star Is Born
1976,3,Bugsy Malone
1976,3,Carrie
1976,3,Family Plot
1976,1,Les Douze Travaux d’Astérix (the Twelve Tasks of Asterix)
1976,3,The Little Girl Who Lives Down the Lane
1976,3,Murder by Death
1976,3,Network
1976,3,The Omen
1976,2,The Outlaw Josey Wales
1976,1,Revenge Of The Cheerleaders
1976,1,Rocky
1976,1,Sebastiane
1976,1,Silent Movie
1976,1,Taxi Driver
1975,1,Barry Lyndon
1975,0,Dersu Uzala
1975,3,Dog Day Afternoon
1975,3,Fawlty Towers
1975,2,"Ironiya sudby, ili S legkim parom!"
1975,3,"Jeanne Dielman, 23 Quai du Commerce, 1080 Bruxelles"
1975,3,The Mirror
1975,2,Monty Python and the Holy Grail
1975,3,Nashville
1975,2,One Flew Over the Cuckoo's Nest
1975,3,Picnic at Hanging Rock
1975,3,The Rocky Horror Picture Show
1975,3,The Stepford Wives
1975,3,The Story of O
1975,1,Three Days of the Condor
1975,1,Tommy
1974,3,Ali: Fear Eats the Soul
1974,3,Black Christmas
1974,2,Chinatown
1974,0,Dark Star
1974,1,Edvard Munch
1974,3,The Godfather: Part II
1974,1,The Groove Tube
1974,3,Mame
1974,3,The Odessa File
1974,1,The Texas Chain Saw Massacre
1974,1,The Towering Inferno
1974,2,Young Frankenstein
1974,2,Zardoz
1973,2,American Graffiti
1973,0,Badlands
1973,3,"Black Mama, White Mama"
1973,1,High Plains Drifter
1973,1,The Holy Mountain
1973,1,Ivan Vasilevich menyaet professiyu
1973,0,Jesus Christ Superstar
1973,3,The Legend of Hell House
1973,2,The Mad Adventures of 'Rabbi' Jacob
1973,1,Mean Streets
1973,3,Paper Moon
1973,2,Payday
1973,3,Robin Hood
1973,1,Serpico
1973,1,Soylent Green
1973,3,The Spirit of the Beehive
1973,1,The Sting
1972,1,1776
1972,2,Aguirre: The Wrath of God
1972,3,Avanti!
1972,3,Cabaret
1972,3,Cries and Whispers (Viskningar och rop)
1972,3,The Dawns Here are Quiet
1972,2,The Godfather
1972,1,Jeremiah Johnson
1972,3,Last Tango in Paris
1972,3,The Other Side of Underneath
1972,3,Pink Flamingos
1972,1,The Poseidon Adventure
1972,3,"Silent Night, Bloody Night"
1972,0,Sleuth
1972,1,Solyaris
1972,3,Travels With My Aunt
1972,2,What's up Doc
1972,2,When Michael Calls
1971,3,A Clockwork Orange
1971,1,And Now for Something Completely Different
1971,1,Bananas
1971,1,Escape from the Planet of the Apes
1971,1,The French Connection
1971,3,Harold and Maude
1971,3,The Lady Hermit
1971,2,The Last Picture Show
1971,3,Let's Scare Jessica to Death
1971,3,Lust for a Vampire
1971,3,"Mary, Queen of Scots"
1971,3,McCabe & Mrs. Miller
1971,1,The Million Dollar Duck
1971,3,Mon oncle Antoine
1971,3,Mrs. Pollifax - Spy
1971,1,Straw Dogs
1971,3,The Trojan Women
1971,1,Walkabout
1971,2,Willy Wonka & the Chocolate Factory
1970,3,Airport
1970,3,The AristoCats
1970,3,Bambule
1970,3,Beyond the Valley of the Dolls
1970,0,The Boys in the Band
1970,1,Deep End
1970,3,Five Easy Pieces
1970,2,House of Dark Shadows
1970,1,The Phantom Tollbooth
1970,1,Scars of Dracula
1970,3,Taste the Blood of Dracula
1970,3,The Vampire Lovers
1969,0,Army of Shadows
1969,1,Butch Cassidy and the Sundance Kid
1969,0,Chastity
1969,1,The Computer Wore Tennis Shoes
1969,0,Downhill Racer
1969,1,Easy Rider
1969,3,"Hello, Dolly!"
1969,2,On Her Majesty's Secret Service
1969,2,Paint Your Wagon
1969,1,Support Your Local Sheriff!
1969,3,True Grit
1969,3,Women in Love
1968,0,2001: A Space Odyssey
1968,0,Asterix et Cleopatre
1968,1,Barbarella
1968,3,Carry On... Up the Khyber
1968,3,Funny Girl
1968,2,Hang 'Em High
1968,0,Head
1968,2,Hellfighters
1968,3,Night of the Living Dead
1968,1,Once Upon a Time in the West
1968,3,The Party
1968,2,Romeo and Juliet
1968,3,Rosemary's Baby
1968,3,Star!
1968,0,Taiyo no oji: Horusu no daiboken
1968,3,Up the Junction
1968,3,Where Eagles Dare
1968,0,Yellow Submarine
1967,0,Asterix the Gaul (Asterix le Gaulois)
1967,3,Bedazzled
1967,3,Belle de Jour
1967,3,Berserk
1967,2,Casino Royale
1967,1,Cool Hand Luke
1967,0,Elvira Madigan
1967,1,The Fearless Vampire Killers
1967,3,The Fox
1967,2,The Graduate   [2 review(s) available]
1967,3,Guess Who's Coming to Dinner
1967,1,The Jungle Book   [1 review(s) available]
1967,1,Le Samourai
1967,1,Marketa Lazarova
1967,3,Playtime
1967,3,Thoroughly Modern Millie
1967,3,Two for the Road
1967,3,Wait Until Dark
1967,3,Woman Times Seven
1967,1,You Only Live Twice
1966,1,A Big Hand for the Little Lady
1966,0,A Man for All Seasons
1966,1,Alfie
1966,2,Blood Bath
1966,0,Blow-Up
1966,3,Daisies
1966,0,Django
1966,3,End of August at the Hotel Ozone
1966,3,Fahrenheit 451
1966,0,Fantastic Voyage
1966,3,Georgy Girl
1966,3,The Group
1966,0,How to Steal a Million
1966,1,L'armata Brancaleone
1966,1,La battaglia di Algeri
1966,2,Our Man Flint
1966,3,Persona
1966,3,The Trouble with Angels
1966,1,Who's Afraid of Virginia Woolf?
1965,3,A Study in Terror
1965,3,Darling
1965,0,The Flight of the Phoenix
1965,0,Gulliver's Travels Beyond the Moon
1965,3,Inside Daisy Clover
1965,3,The Pleasure Girls
1965,3,The Sound of Music
1965,2,Thunderball
1964,0,A Hard Day's Night
1964,2,The Americanization of Emily
1964,3,Dead Ringer
1964,0,Dr. Strangelove or: How I Learned to Stop Worrying and Love the Bomb
1964,1,Fail-Safe
1964,3,"Ghidorah, the Three-Headed Monster"
1964,1,Goldfinger
1964,0,King & Country
1964,1,The Last Man on Earth
1964,3,Mary Poppins
1964,3,My Fair Lady
1964,0,Onibaba
1964,1,Per un pugno di dollari (A Fisful of Dollars)
1964,1,"Rudolph, the Red-Nosed Reindeer   [6 review(s) available]"
1964,3,The Umbrellas of Cherbourg
1964,0,Viva Las Vegas
1964,0,Zulu
1963,2,Beach Party
1963,3,The Birds
1963,3,Bye Bye Birdie
1963,3,Carry on Cabby
1963,2,Charade
1963,1,Contempt
1963,3,Dementia 13
1963,3,From Russia with Love
1963,0,The Great Escape
1963,3,The Haunting
1963,0,Khaneh siah ast (The House is Black)
1963,2,The Kiss of the Vampire
1963,0,Lord of the Flies
1963,3,"Move Over, Darling"
1963,1,The Pink Panther
1963,0,Shock Corridor
1963,0,The Sword in the Stone
1963,1,X: The Man with the X-Ray Eyes
1962,2,The Brain That Wouldn't Die
1962,3,Carnival of Souls
1962,3,The Day of the Triffids
1962,2,The Devil's Hand
1962,1,Dr. No
1962,3,Gypsy
1962,1,Ivanovo detstvo
1962,1,Jules and Jim
1962,3,The L-Shaped Room
1962,0,Lawrence of Arabia
1962,1,The Manchurian Candidate
1962,3,The Music Man
1962,3,To Kill a Mockingbird
1962,3,What Ever Happened to Baby Jane?
1961,3,A Taste of Honey
1961,0,The Beast of Yucca Flats
1961,3,Blue Hawaii
1961,2,Breakfast at Tiffany's
1961,0,The Hustler
1961,2,The Misfits
1961,3,One Hundred and One Dalmatians
1961,3,"One, Two, Three"
1961,3,Paris Blues
1961,3,Splendor in the Grass
1961,1,Yojimbo
1960,0,A bout de souffle
1960,3,The Apartment
1960,3,Body in the Web
1960,3,The City of the Dead
1960,3,Exodus
1960,3,Inherit the Wind
1960,3,Jigoku (Hell or The Sinners of Hell)
1960,3,Late Autumn
1960,3,Les yeux sans visage
1960,2,Let's Make Love
1960,1,Psycho
1960,3,The Story of Ruth
1960,3,The Truth
1960,3,Zazie dans le metro
1959,0,The 400 Blows
1959,2,A Bucket of Blood
1959,1,Anatomy of a Murder
1959,3,The Bat
1959,3,Come Dance with Me!
1959,3,Darby O'Gill and the Little People
1959,3,Ghost of Dragstrip Hollow
1959,3,The Giant Gila Monster
1959,3,Good Morning (Ohayô)
1959,1,The Great War
1959,3,House on Haunted Hill
1959,3,Imitation of Life
1959,3,The Nun's Story
1959,3,Sleeping Beauty   [1 review(s) available]
1959,3,The Wasp Woman
1958,3,Auntie Mame
1958,3,Dracula (Horror of Dracula)
1958,2,Gigi
1958,1,I Bury the Living
1958,3,Indiscreet
1958,3,The Inn of the Sixth Happiness
1958,3,Mädchen in Uniform
1958,3,Mon Oncle
1958,2,The Screaming Skull
1958,3,Separate Tables
1958,3,South Pacific
1958,3,The Wild Women of Wongo
1957,0,12 Angry Men
1957,1,A Face in the Crowd
1957,2,An Affair to Remember
1957,3,The Cranes Are Flying
1957,3,Desk Set
1957,0,The Enemy Below
1957,0,Fire Down Below
1957,3,Funny Face
1957,0,"Heaven Knows, Mr. Allison"
1957,3,Night of the Demon
1957,1,Oedipus Rex
1957,1,Old Yeller
1957,2,Sayonara
1957,2,Smultronstället (Wild Strawberries)
1957,3,Sorority Girl
1957,1,Sweet Smell of Success
1957,2,The True Story of Jesse James
1956,3,...And God Created Woman
1956,0,Bigger Than Life
1956,3,Bus Stop
1956,2,The Court Jester
1956,0,Forbidden Planet
1956,3,Gunslinger
1956,1,Indestructible Man
1956,2,Invasion of the Body Snatchers
1956,2,The King and I
1956,3,The Proud and Profane
1956,3,The Searchers
1956,2,The Ten Commandments
1956,3,War and Peace
1955,2,The Big Combo
1955,3,Bride of the Monster
1955,3,Diabolique
1955,3,The Fast and the Furious
1955,3,Guys and Dolls
1955,2,Lady and the Tramp
1955,3,The Ladykillers
1955,3,Marty
1955,3,The Night of the Hunter
1955,3,Oklahoma!
1955,1,Rebel Without a Cause
1955,3,Summertime
1955,0,Tarantula
1955,3,We're No Angels
1954,0,20000 Leagues Under the Sea
1954,1,A Star Is Born
1954,2,Attila
1954,0,Creature from the Black Lagoon
1954,2,Executive Suite
1954,2,The Glenn Miller Story
1954,3,Hobson's Choice
1954,2,Johnny Guitar
1954,3,Journey to Italy
1954,3,Late Chrysanthemuns
1954,0,On the Waterfront
1954,3,Rear Window
1954,1,Sabrina
1954,3,Seven Brides for Seven Brothers
1954,0,Shichinin no samurai
1954,1,Them!
1954,3,White Christmas
1953,3,The Big Heat
1953,3,Calamity Jane
1953,3,The Cruel Sea
1953,3,From Here to Eternity
1953,2,How to Marry a Millionaire
1953,1,Le Salaire de la Peur
1953,1,Mesa of Lost Women
1953,3,Peter Pan
1953,0,Stalag 17
1953,1,The War of the Worlds
1952,2,High Noon
1952,1,The Quiet Man
1952,1,Singin' in the Rain
1951,0,The African Queen
1951,3,Alice in Wonderland
1951,1,An American in Paris   [1 review(s) available]
1951,3,Bellissima
1951,3,The Day the Earth Stood Still
1951,3,Quo Vadis
1951,3,Show Boat
1951,3,Take Care of My Little Girl
1950,3,All About Eve
1950,1,The Asphalt Jungle
1950,3,Born Yesterday
1950,3,Cinderella
1950,1,The Flying Saucer
1950,2,Harvey
1950,2,In a Lonely Place
1950,3,No Way Out
1950,3,Odette
1950,2,Orpheus
1950,0,Rashomon
1950,3,Summer Stock
1950,1,Sunset Blvd.
1949,3,A Letter to Three Wives
1949,1,The Fountainhead
1949,1,Kind Hearts and Coronets
1949,3,Late Spring
1949,3,Little Women
1949,0,Mighty Joe Young
1949,3,Pinky
1949,0,The Set-Up
1949,0,The Third Man
1948,1,Call Northside 777
1948,1,Casbah
1948,3,Easter Parade
1948,1,The Fuller Brush Man
1948,3,I Remember Mama
1948,0,Red River
1948,0,Rope
1948,0,Rudolph the Red-Nosed Reindeer
1948,3,The Snake Pit
1947,3,Black Narcissus
1947,2,Crossfire
1947,3,The Egg and I
1947,3,The Ghost and Mrs. Muir
1947,2,Good News
1947,2,Odd Man Out
1947,2,The Paradine Case
1947,3,The Shocking Miss Pilgrim
1946,2,The Best Years of Our Lives
1946,1,The Big Sleep
1946,1,Dressed to Kill
1946,2,Duel in the sun
1946,0,Gilda
1946,3,The Harvey Girls
1946,2,It's a Wonderful Life
1946,1,My Darling Clementine
1946,2,Notorious
1946,1,The Postman Always Rings Twice
1946,3,Two Sisters from Boston
1945,2,Brief Encounter
1945,2,Children of Paradise
1945,1,Detour
1945,3,The Enchanted Cottage
1945,3,I Know Where I'm Going
1945,3,Isle of the Dead
1945,2,The Lost Weekend
1945,3,Mildred Pierce
1945,0,"Objective, Burma!"
1945,3,"Rome, Open City"
1945,3,Scarlet Street
1945,3,Spellbound
1944,3,Arsenic and Old Lace
1944,3,Cover Girl
1944,2,Double Indemnity
1944,2,Hail the Conquering Hero
1944,3,I'll Be Seeing You
1944,3,Laura
1944,3,National Velvet
1944,3,To Have and Have Not
1944,1,Window in the Window
1943,3,Cry 'Havoc'
1943,2,Day of Wrath
1943,0,Guadalcanal Diary
1943,3,I Walked with a Zombie
1943,0,Judo Saga (Sanshiro Sugata)
1943,3,Le Corbeau: The Raven
1943,0,Sahara
1943,3,Shadow of a Doubt
1943,1,The Sky's the Limit
1942,1,Bambi
1942,0,Black Dragons
1942,1,Casablanca
1942,3,Cat People
1942,3,For Me and My Gal
1942,3,The Major and the Minor
1942,3,The Man Who Came to Dinner
1942,3,"Now, Voyager"
1942,2,Tales of Manhattan
1942,0,There Was a Father
1942,0,To Be or Not to Be
1942,3,Woman of the Year
1941,0,49th Parallel
1941,3,Buck Privates
1941,3,Cheers for Miss Bishop
1941,1,Citizen Kane
1941,2,The Lady Eve
1941,2,The Little Foxes
1941,3,Meet John Doe
1941,1,Men of Boys Town
1941,1,Mr. Bug Goes to Town
1941,3,Sullivan's Travels
1941,2,The Wolf Man
1940,0,A Chump at Oxford
1940,3,Anne Of Windy Poplars
1940,3,The Ape
1940,2,Chamber of Horrors / Door with the Seven Locks
1940,3,"Dance, Girl, Dance   [2 review(s) available]"
1940,3,His Girl Friday
1940,3,The Philadelphia Story
1940,0,Pinocchio
1940,3,Pride and Prejudice
1940,3,Primrose Path
1940,3,Rebecca
1940,3,The Sea Hawk
1939,2,At the Circus
1939,3,Babes in Arms
1939,0,The Flying Deuces
1939,3,Gone with the Wind
1939,3,The Gorilla
1939,0,The Hunchback of Notre Dame
1939,2,Ninotchka
1939,1,Of Mice and Men
1939,0,Stagecoach
1939,3,The Wizard of Oz
1939,2,The Women
1938,2,The Adventures of Robin Hood
1938,2,Bluebeard's Eighth Wife
1938,0,Boys Town
1938,3,Four Daughters
1938,2,Jezebel
1938,3,The Lady Vanishes
1938,3,The Mad Miss Manton
1937,2,A Day at the Races
1937,3,Make Way for Tomorrow
1937,0,Nothing Sacred
1937,1,Shall We Dance
1937,3,Snow White and the Seven Dwarfs
1937,3,Stage Door
1937,3,Stella Dallas
1936,3,Born to Dance
1936,3,Bullets or Ballots
1936,3,Camille
1936,3,The Mandarin Mystery
1936,2,Mr. Deeds Goes to Town
1936,3,The Only Son
1936,3,Pennies from Heaven
1936,3,Romeo and Juliet
1936,1,Swing Time
1936,3,Theodora Goes Wild
1935,3,The 39 Steps
1935,1,A Night At The Opera
1935,3,Roberta
1934,3,Anne of Green Gables
1934,1,Cleopatra
1934,0,It Happened One Night
1934,0,L'atalante
1934,0,The Lost Patrol
1934,3,Maniac
1933,3,42nd Street
1933,3,Alice in Wonderland
1933,3,Day of Reckoning
1933,1,Duck Soup
1933,2,Footlight Parade
1933,0,King Kong
1933,1,Queen Christina
1933,3,The Vanpire Bat
1932,2,The Age of Consent
1932,2,Freaks
1932,1,Horse Feathers
1932,1,"I Was Born, But..."
1932,0,The Most Dangerous Game
1932,3,The Old Dark House
1932,0,White Zombie
1931,3,City Lights
1931,2,Dracula
1931,0,The Last Flight
1931,3,M
1931,3,Mädchen in Uniform
1931,1,Monkey Business
1931,3,Night Nurse
1931,0,Pardon Us
1931,2,The Smiling Lieutenant
1930,2,Be Yourself
1930,3,Ladies of Leisure
1930,3,Min and Bill
1930,1,Morocco
1929,2,The Cocoanuts
1929,0,Man with a Movie Camera
1929,3,Pandora's Box (Die Büchse der Pandora)
1929,0,Un chien andalou
1929,0,Welcome Danger
1928,0,A Girl in Every Port
1928,0,Beggars of Life
1928,0,The Cameraman
1928,0,The Circus
1928,2,The Man Who Laughs
1928,0,The Passion of Joan of Arc
1928,3,The Patsy
1928,1,The Power of the Press
1928,0,The Racket
1928,0,Speedy
1928,0,"Steamboat Bill, Jr."
1928,2,While the City Sleeps
1927,3,It
1927,0,The Kid Brother
1927,0,Metropolis
1927,3,My Best Girl
1927,0,Nevada
1926,1,Flesh and the Devil
1926,0,For Heaven's Sake
1926,0,The General
1926,3,So's Your Old Man
1925,0,The Freshman
1925,0,Go West
1925,0,The Gold Rush
1924,0,Girl Shy
1924,0,The Great White Silence
1924,3,Manhandled
1924,0,The Navigator
1924,0,Sherlock Jr.
1924,0,Wild Oranges
1923,0,Safety Last!
1923,2,The Silent Command
1923,0,Why Worry?
1922,3,Häxan: Witchcraft Through the Ages
1922,1,The Man from Beyond
1922,2,Nathan der Weise
1921,3,The Blot
1921,0,The Kid
1920,3,Pollyanna
1919,0,Broken Blossoms or The Yellow Man and the Girl
1919,3,When the Clouds Roll by
1918,3,Stella Maris
1918,3,Tarzan of the Apes
1917,0,A Romance of the Redwoods
1917,3,A Tale of Two Cities
1917,3,The Poor Little Rich Girl
1917,2,"Raffles, the Amateur Cracksman"
1917,3,Rebecca of Sunnybrook Farm
1916,3,Gretchen the Greenhorn
1916,3,Lady Windermere's Fan
1915,2,The Birth of a Nation
1914,2,A Florida Enchantment
1912,2,Cleopatra
1912,0,The Invaders
1910,0,Mobilier fidele
1910,3,Tilly the Tomboy Visits the Poor
1909,2,"Princess Nicotine; or, The Smoke Fairy"
1907,0,The Eclipse: Courtship of the Sun and Moon
1906,0,The Mysterious Retort
1905,0,The Scheming Gambler's Paradise
1904,0,The Cook in Trouble
1903,0,The Great Train Robbery
1903,0,The Infernal Boiling Pot
1903,0,The Monster
1903,0,The Music Lover
1901,0,L'homme a la tete en caoutchouc
1900,0,As Seen Through A Telescope (a.k.a The Professor and His Field Glass)
1900,0,The Enchanted Drawing
1900,0,Explosion of a Motor Car (a.k.a The Dlights of Automobiling)
1900,0,Grandma Threading Her Needle
1900,0,Grandma's Reading Glass
1900,0,Hamlet ( Le Duel d'Hamlet)
1900,0,The One-Man Band
1900,0,"Searching Ruins on Broadway, Galveston, for Dead Bodies"
1899,0,A Turn of the Century Illusionist
1898,0,Four Heads Are Better Than One
1896,0,The House of the Devil
